,,num_critic_for_reviews,duration
,,sum,mean
color,director_name,,
Black and White,Akira Kurosawa,153.0,202.0
Black and White,Aleksey German,121.0,177.0
Black and White,Alex Garland,489.0,108.0
Black and White,Alexander Payne,433.0,115.0
Black and White,Alfred Hitchcock,434.0,119.0
Black and White,Allan Dwan,40.0,109.0
Black and White,Andrei Tarkovsky,144.0,115.0
Black and White,Andrew Bujalski,52.0,109.0
Black and White,Andrew Currie,140.0,93.0
Black and White,Andrew Davis,106.0,117.0
Black and White,Andrew Leman,60.0,47.0
Black and White,Anton Corbijn,183.0,122.0
Black and White,Ari Kirschenbaum,8.0,84.0
Black and White,Barry Levinson,73.0,147.0
Black and White,Baz Luhrmann,209.0,127.0
Black and White,Bill Condon,315.0,111.5
Black and White,Billy Wilder,461.0,115.33333333333333
Black and White,Carl Theodor Dreyer,54.0,126.0
Black and White,Charles Chaplin,120.0,87.0
Black and White,Christopher Nolan,274.0,113.0
Black and White,Chuan Lu,149.0,132.0
Black and White,Clint Eastwood,169.0,130.0
Black and White,Craig Brewer,197.0,116.0
Black and White,D.W. Griffith,69.0,123.0
Black and White,Daniel Myrick,360.0,81.0
Black and White,Darren Aronofsky,138.0,84.0
Black and White,David Lynch,269.0,106.5
Black and White,David Sington,107.0,100.0
Black and White,Deborah Anderson,16.0,66.0
Black and White,E. Elias Merhige,196.0,92.0
Black and White,Elia Kazan,289.0,117.0
Black and White,Eric Nicholas,71.0,78.0
Black and White,Eugène Lourié,67.0,80.0
Black and White,F. Gary Gray,20.0,97.0
Black and White,Fenton Bailey,123.0,89.0
Black and White,Frank Borzage,42.0,79.0
Black and White,Frank Capra,271.0,103.66666666666667
Black and White,Frank Coraci,108.0,90.0
Black and White,Frank Miller,713.0,124.5
Black and White,Fred Zinnemann,254.0,101.5
Black and White,Fritz Lang,260.0,145.0
Black and White,Gary Fleder,86.0,130.0
Black and White,Gary Ross,175.0,140.0
Black and White,Georg Wilhelm Pabst,71.0,110.0
Black and White,George A. Romero,536.0,96.5
Black and White,George Clooney,351.0,93.0
Black and White,George Miller,177.0,87.0
Black and White,Guy Hamilton,34.0,110.0
Black and White,Guy Maddin,58.0,73.0
Black and White,Harry Beaumont,36.0,100.0
Black and White,Harry F. Millarde,1.0,110.0
Black and White,Henry Bean,84.0,98.0
Black and White,Henry King,10.0,106.0
Black and White,Henry Selick,310.0,100.0
Black and White,Hilary Brougher,8.0,81.0
Black and White,Howard Hawks,91.0,126.0
Black and White,Howard Hughes,35.0,96.0
Black and White,Iain Softley,193.0,104.0
Black and White,Irwin Winkler,174.0,126.5
Black and White,Ivan Kavanagh,12.0,83.0
Black and White,Jack Conway,12.0,119.0
Black and White,James Kerwin,25.0,89.0
Black and White,Jean-Luc Godard,36.0,94.0
Black and White,Jean-Paul Rappeneau,69.0,114.0
Black and White,Jean-Pierre Jeunet,242.0,122.0
Black and White,Jim Chuchu,6.0,60.0
Black and White,Joel Coen,77.0,111.0
Black and White,Joel Schumacher,153.0,143.0
Black and White,John Cromwell,7.0,101.0
Black and White,John Dahl,81.0,132.0
Black and White,John Ford,181.0,115.5
Black and White,John Frankenheimer,64.0,133.0
Black and White,John Huston,70.0,120.0
Black and White,John Reinhardt,1.0,68.0
Black and White,John Schlesinger,88.0,113.0
Black and White,John Singleton,41.0,130.0
Black and White,Jon Turteltaub,39.0,98.0
Black and White,Jonathan Kesselman,35.0,87.0
Black and White,Jonathan Wacks,13.0,93.0
Black and White,Joseph Green,95.0,70.0
Black and White,Julie Taymor,128.0,123.0
Black and White,Kar-Wai Wong,194.0,129.0
Black and White,Katt Shea,85.0,104.0
Black and White,Ken Annakin,53.0,178.0
Black and White,Kevin Rodney Sullivan,50.0,106.0
Black and White,Kevin Smith,310.0,99.5
Black and White,Kevin Spacey,113.0,118.0
Black and White,Khalid Mohamed,1.0,167.0
Black and White,King Vidor,48.0,151.0
Black and White,Larry Blamire,88.0,90.0
Black and White,Lawrence Kasdan,65.0,112.0
Black and White,Lee Tamahori,264.0,133.0
Black and White,Leon Ichaso,14.0,123.0
Black and White,Lloyd Bacon,65.0,89.0
Black and White,Lorene Scafaria,265.0,101.0
Black and White,Lowell Sherman,35.0,66.0
Black and White,Lucio Fulci,203.0,82.0
Black and White,Mark Sandrich,66.0,81.0
Black and White,Martin Campbell,400.0,144.0
Black and White,Martin Ritt,65.0,112.0
Black and White,Martin Scorsese,418.0,145.5
Black and White,Mary Lambert,49.0,105.0
Black and White,Mel Brooks,129.0,106.0
Black and White,Michael Bay,191.0,184.0
Black and White,Michael Crichton,23.0,110.0
Black and White,Michael Curtiz,24.0,100.0
Black and White,Michael Haneke,292.0,144.0
Black and White,Michael Mann,174.0,165.0
Black and White,Michael Moore,215.0,120.0
Black and White,Michael Roemer,24.0,95.0
Black and White,Michel Hazanavicius,576.0,100.0
Black and White,Morgan J. Freeman,17.0,86.0
Black and White,Moustapha Akkad,24.0,156.0
Black and White,Neil Jordan,44.0,133.0
Black and White,Noah Baumbach,345.0,86.0
Black and White,Norman Jewison,119.0,133.0
Black and White,Oliver Stone,547.0,186.33333333333334
Black and White,Orson Welles,90.0,92.0
Black and White,Paul Bunnell,94.0,106.0
Black and White,Pawel Pawlikowski,269.0,82.0
Black and White,Penny Marshall,41.0,128.0
Black and White,Phillip Noyce,198.0,97.0
Black and White,Quentin Tarantino,658.0,124.0
Black and White,Randy Moore,143.0,90.0
Black and White,Rawson Marshall Thurber,191.0,92.0
Black and White,Richard Attenborough,151.0,207.5
Black and White,Richard Brooks,106.0,110.5
Black and White,Richard Donner,61.0,132.0
Black and White,Richard Lester,105.0,87.0
Black and White,Richard Linklater,61.0,100.0
Black and White,Rob Marshall,428.0,115.5
Black and White,Rob Zombie,202.0,105.0
Black and White,Robert D. Webb,39.0,89.0
Black and White,Robert Mulligan,127.0,129.0
Black and White,Robert Rossen,100.0,134.0
Black and White,Robert Zemeckis,149.0,142.0
Black and White,Robinson Devor,18.0,88.0
Black and White,Roman Polanski,193.0,150.0
Black and White,Sam Raimi,63.0,107.0
Black and White,Shane Meadows,143.0,93.0
Black and White,Sidney Lumet,177.0,96.0
Black and White,Spike Lee,26.0,88.0
Black and White,Stacy Peralta,86.0,91.0
Black and White,Stanley Kramer,73.0,186.0
Black and White,Stanley Kubrick,295.0,123.5
Black and White,Stefen Fangmeier,170.0,104.0
Black and White,Stephen Chow,246.0,85.0
Black and White,Stephen Hopkins,88.0,89.0
Black and White,Stephen Norrington,202.0,110.0
Black and White,Steven Soderbergh,183.0,105.0
Black and White,Steven Spielberg,562.0,165.5
Black and White,Steven Zaillian,127.0,128.0
Black and White,Tay Garnett,7.0,119.0
Black and White,Tim Burton,518.0,107.0
Black and White,Tim Hunter,45.0,99.0
Black and White,Todd Haynes,231.0,135.0
Black and White,Tom DiCillo,10.0,97.0
Black and White,Tom Tykwer,181.0,81.0
Black and White,Tony Bill,123.0,140.0
Black and White,Tony Kaye,209.0,126.5
Black and White,Troy Duffy,100.0,102.0
Black and White,Victor Fleming,222.0,112.0
Black and White,Walter Hill,64.0,94.0
Black and White,Walter Lang,7.0,83.0
Black and White,William Arntz,74.0,109.0
Black and White,William Dear,41.0,118.0
Black and White,William Wyler,97.0,172.0
Black and White,Wolfgang Becker,153.0,121.0
Black and White,Woody Allen,164.0,100.5
Black and White,Yimou Zhang,283.0,80.0
Color,A. Raven Cruz,3.0,97.0
Color,Aaron Hann,29.0,87.0
Color,Aaron Schneider,160.0,100.0
Color,Aaron Seltzer,99.0,85.0
Color,Abel Ferrara,48.0,99.0
Color,Adam Brooks,160.0,112.0
Color,Adam Carolla,14.0,98.0
Color,Adam Goldberg,22.0,111.0
Color,Adam Green,229.0,93.0
Color,Adam Jay Epstein,14.0,76.0
Color,Adam Marcus,112.0,91.0
Color,Adam McKay,1481.0,119.16666666666667
Color,Adam Rapp,50.0,98.0
Color,Adam Rifkin,46.0,95.0
Color,Adam Shankman,1234.0,106.25
Color,Adrian Lyne,335.0,112.5
Color,Adrienne Shelly,173.0,108.0
Color,Agnieszka Holland,78.0,104.0
Color,Agnieszka Wojtowicz-Vosloo,138.0,104.0
Color,Agustín Díaz Yanes,31.0,145.0
Color,Aki Kaurismäki,205.0,93.0
Color,Akira Kurosawa,25.0,134.0
Color,Akiva Goldsman,189.0,118.0
Color,Akiva Schaffer,376.0,95.0
Color,Al Franklin,0.0,96.0
Color,Al Silliman Jr.,21.0,93.0
Color,Alain Resnais,129.0,104.0
Color,Alan Alda,6.0,107.0
Color,Alan Cohn,37.0,96.0
Color,Alan J. Pakula,109.0,126.0
Color,Alan Jacobs,1.0,92.0
Color,Alan Metter,17.0,83.0
Color,Alan Parker,316.0,136.66666666666666
Color,Alan Poul,148.0,104.0
Color,Alan Rudolph,42.0,110.0
Color,Alan Shapiro,23.0,95.0
Color,Alan Taylor,960.0,119.0
Color,Alan Yuen,23.0,118.0
Color,Albert Brooks,97.0,97.0
Color,Albert Hughes,561.0,112.33333333333333
Color,Alec Asten,1.0,82.0
Color,Alejandro Agresti,175.0,99.0
Color,Alejandro Amenábar,716.0,118.25
Color,Alejandro G. Iñárritu,2066.0,134.16666666666666
Color,Alejandro Monteverde,105.0,98.5
Color,Aleksandr Veledinskiy,8.0,120.0
Color,Alessandro Carloni,210.0,95.0
Color,Alex Cox,131.0,92.0
Color,Alex Craig Mann,29.0,87.0
Color,Alex Gibney,84.0,53.0
Color,Alex Kendrick,120.0,120.5
Color,Alex Proyas,1028.0,114.2
Color,Alex Ranarivelo,9.0,101.0
Color,Alex Rivera,47.0,90.0
Color,Alex Smith,17.0,112.0
Color,Alex Zamm,12.0,95.0
Color,Alex van Warmerdam,19.0,95.0
Color,Alexander Payne,1226.0,117.25
Color,Alexander Witt,191.0,98.0
Color,Alexandre Aja,1089.0,99.25
Color,Alfonso Cuarón,1557.0,112.0
Color,Alfred Hitchcock,461.0,114.16666666666667
Color,Alice Wu,54.0,96.0
Color,Alison Maclean,74.0,107.0
Color,Alister Grierson,244.0,108.0
Color,Allan Arkush,19.0,78.0
Color,Allen Coulter,158.0,113.0
Color,Allen Hughes,298.0,109.0
Color,Allison Anders,80.0,101.0
Color,Allison Burnett,8.0,100.0
Color,Amal Al-Agroobi,0.0,62.0
Color,Amanda Gusack,15.0,98.0
Color,Amat Escalante,87.0,105.0
Color,Amy Heckerling,341.0,94.25
Color,Amy Holden Jones,4.0,88.0
Color,Analeine Cal y Mayor,10.0,92.0
Color,Anand Tucker,348.0,99.33333333333333
Color,Andrea Arnold,248.0,123.0
Color,Andrea Di Stefano,106.0,120.0
Color,Andrew Adamson,1032.0,114.8
Color,Andrew Berends,12.0,90.0
Color,Andrew Bergman,114.0,106.0
Color,Andrew Bujalski,43.0,85.0
Color,Andrew Davis,301.0,115.0
Color,Andrew Dominik,687.0,128.5
Color,Andrew Douglas,220.0,90.0
Color,Andrew Erwin,89.0,102.5
Color,Andrew Fleming,396.0,96.5
Color,Andrew Haigh,143.0,97.0
Color,Andrew Hyatt,12.0,95.0
Color,Andrew Jarecki,140.0,101.0
Color,Andrew Morahan,32.0,99.0
Color,Andrew Niccol,1167.0,112.8
Color,Andrew Stanton,1184.0,110.0
Color,Andrew Steggall,29.0,109.0
Color,Andrew Traucki,102.0,94.0
Color,Andrew Wilson,32.0,99.0
Color,Andrey Konchalovskiy,92.0,103.5
Color,Andrey Zvyagintsev,103.0,99.0
Color,Andrucha Waddington,42.0,115.0
Color,Andrzej Bartkowiak,626.0,105.2
Color,André Téchiné,66.0,105.0
Color,André Øvredal,337.0,103.0
Color,Andrés Couturier,3.0,89.0
Color,Andrés Muschietti,393.0,100.0
Color,Andy Cadiff,65.0,101.0
Color,Andy Fickman,675.0,102.83333333333333
Color,Andy Garcia,52.0,144.0
Color,Andy Tennant,788.0,119.5
Color,Ang Lee,1961.0,129.375
Color,Angela Robinson,167.0,96.0
Color,Angelina Jolie Pitt,563.0,128.66666666666666
Color,Angelo Pizzo,27.0,118.0
Color,Anna Boden,163.0,101.0
Color,Anna Mastro,10.0,94.0
Color,Anna Muylaert,111.0,112.0
Color,Annabel Jankel,36.0,104.0
Color,Anne Fletcher,808.0,101.0
Color,Anne Fontaine,306.0,111.5
Color,Anthony Bell,84.0,90.0
Color,Anthony C. Ferrante,139.0,97.0
Color,Anthony Hemingway,144.0,125.0
Color,Anthony Hickox,22.0,98.0
Color,Anthony Mann,30.0,172.0
Color,Anthony Minghella,517.0,151.66666666666666
Color,Anthony O'Brien,19.0,81.0
Color,Anthony Powell,31.0,91.0
Color,Anthony Russo,1300.0,119.75
Color,Anthony Silverston,39.0,85.0
Color,Anthony Vallone,0.0,84.0
Color,Antoine Fuqua,1653.0,123.875
Color,Anton Corbijn,624.0,113.5
Color,Antonia Bird,131.0,101.0
Color,Antonio Banderas,28.0,111.0
Color,Antonio Simoncini,3.0,90.0
Color,Antony Hoffman,145.0,106.0
Color,Anurag Basu,41.0,90.0
Color,Ari Folman,231.0,90.0
Color,Ari Sandel,132.0,101.0
Color,Arie Posin,74.0,108.0
Color,Ariel Vromen,351.0,109.5
Color,Arjun Sablok,5.0,97.0
Color,Arthur Hiller,29.0,86.0
Color,Asger Leth,258.0,102.0
Color,Asghar Farhadi,354.0,123.0
Color,Ash Baron-Cohen,10.0,98.0
Color,Ash Brannon,154.0,85.0
Color,Ashish R. Mohan,23.0,141.0
Color,Atom Egoyan,669.0,108.16666666666667
Color,Audrey Wells,111.0,113.0
Color,Ava DuVernay,401.0,112.5
Color,Avi Nesher,5.0,104.0
Color,Ayan Mukerji,25.0,160.0
Color,Babak Najafi,225.0,99.0
Color,Babar Ahmed,8.0,90.0
Color,Baltasar Kormákur,896.0,113.0
Color,Barbet Schroeder,176.0,108.0
Color,Barbra Streisand,73.0,128.66666666666666
Color,Barrett Esposito,3.0,67.0
Color,Barry Cook,113.0,87.0
Color,Barry Levinson,1051.0,114.66666666666667
Color,Barry Skolnick,54.0,99.0
Color,Barry Sonnenfeld,1157.0,96.57142857142857
Color,Barry W. Blaustein,70.0,108.0
Color,Bart Freundlich,154.0,97.0
Color,Baz Luhrmann,841.0,142.66666666666666
Color,Becky Smith,3.0,89.0
Color,Beeban Kidron,143.0,108.0
Color,Ben Affleck,1034.0,140.0
Color,Ben Falcone,302.0,99.5
Color,Ben Lewin,337.0,95.0
Color,Ben Stassen,56.0,88.0
Color,Ben Stiller,1103.0,104.6
Color,Ben Wheatley,308.0,94.0
Color,Ben Younger,132.0,120.0
Color,Benedek Fliegauf,88.0,111.0
Color,Benedikt Erlingsson,66.0,81.0
Color,Benh Zeitlin,663.0,93.0
Color,Benjamin Dickinson,36.0,97.0
Color,Benjamin Roberds,13.0,76.0
Color,Bennett Miller,690.0,121.5
Color,Benni Diez,95.0,87.0
Color,Benny Boom,49.0,84.0
Color,Benson Lee,65.0,110.0
Color,Bernardo Bertolucci,195.0,162.5
Color,Beto Gómez,16.0,105.0
Color,Betty Thomas,401.0,93.25
Color,Bibo Bergeron,288.0,89.66666666666667
Color,Bigas Luna,22.0,101.0
Color,Bill Benenson,1.0,71.0
Color,Bill Condon,787.0,124.33333333333333
Color,Bill Duke,45.0,99.0
Color,Bill Melendez,43.0,25.0
Color,Bill Muir,10.0,97.0
Color,Bill Paxton,247.0,110.0
Color,Bill Plympton,19.0,75.0
Color,Bille August,96.0,119.5
Color,Bille Woodruff,190.0,100.25
Color,Billy Bob Thornton,189.0,184.0
Color,Billy Kent,50.0,88.0
Color,Billy Ray,284.0,105.0
Color,Billy Wilder,34.0,105.0
Color,Blair Erickson,78.0,87.0
Color,Blair Hayes,47.0,84.0
Color,Blake Edwards,55.0,128.0
Color,Blaz Zavrsnik,2.0,83.0
Color,Bo Welch,109.0,82.0
Color,Bo Zenga,45.0,90.0
Color,Boaz Yakin,476.0,108.33333333333333
Color,Bob Clark,261.0,93.25
Color,Bob Dolman,92.0,98.0
Color,Bob Fosse,99.0,138.5
Color,Bob Giraldi,39.0,99.0
Color,Bob Gosse,52.0,105.0
Color,Bob Odenkirk,97.0,91.5
Color,Bob Rafelson,76.0,111.5
Color,Bob Saget,51.0,81.0
Color,Bob Spiers,33.0,93.0
Color,Bobby Farrelly,1442.0,108.3
Color,Bobby Roth,1.0,120.0
Color,Bobcat Goldthwait,129.0,99.0
Color,Bonnie Hunt,106.0,115.0
Color,Boris Rodriguez,56.0,83.0
Color,Brad Anderson,804.0,100.6
Color,Brad Bird,1638.0,115.8
Color,Brad Copeland,9.0,87.0
Color,Brad Furman,530.0,111.0
Color,Brad J. Silverman,15.0,102.0
Color,Brad Peyton,627.0,96.66666666666667
Color,Brad Silberling,414.0,107.0
Color,Bradley Parker,270.0,86.0
Color,Bradley Rust Gray,61.0,79.0
Color,Brandon Camp,111.0,109.0
Color,Brandon Cronenberg,188.0,108.0
Color,Brandon Trost,66.0,82.0
Color,Breck Eisner,673.0,110.33333333333333
Color,Brenda Chapman,120.0,99.0
Color,Brendan Malloy,37.0,89.0
Color,Brenton Spencer,22.0,84.0
Color,Brett Leonard,92.0,123.0
Color,Brett Piper,18.0,80.0
Color,Brett Ratner,1581.0,103.66666666666667
Color,Brian A Miller,46.0,93.0
Color,Brian Baugh,20.0,120.0
Color,Brian Caunter,11.0,94.0
Color,Brian Dannelly,121.0,92.0
Color,Brian De Palma,1616.0,110.33333333333333
Color,Brian Dorton,10.0,97.0
Color,Brian Gibson,47.0,118.0
Color,Brian Helgeland,898.0,119.2
Color,Brian Henson,75.0,89.0
Color,Brian Klugman,216.0,102.0
Color,Brian Koppelman,173.0,91.0
Color,Brian Levant,412.0,93.83333333333333
Color,Brian Percival,252.0,131.0
Color,Brian Robbins,476.0,99.66666666666667
Color,Brian Trenchard-Smith,56.0,94.66666666666667
Color,Brian Yuzna,46.0,97.0
Color,Britt Allcroft,47.0,85.0
Color,Bronwen Hughes,25.0,100.0
Color,Bruce Beresford,278.0,106.25
Color,Bruce Campbell,100.0,84.0
Color,Bruce Dellis,10.0,95.0
Color,Bruce Hunt,140.0,93.0
Color,Bruce Macdonald,3.0,94.0
Color,Bruce Malmuth,36.0,99.0
Color,Bruce McCulloch,95.0,83.0
Color,Bruce McDonald,178.0,95.0
Color,Bruce Paltrow,65.0,112.0
Color,Bruno Barreto,1.0,99.0
Color,Bryan Barber,81.0,121.0
Color,Bryan Singer,2717.0,130.125
Color,Burr Steers,669.0,102.0
Color,Byron Howard,225.0,96.0
Color,C. Fraser Press,13.0,105.0
Color,C. Jay Cox,44.0,103.5
Color,Cal Brunker,83.0,89.0
Color,Callie Khouri,191.0,110.0
Color,Cameron Crowe,996.0,130.66666666666666
Color,Camille Delamarre,325.0,98.0
Color,Carl Franklin,302.0,118.66666666666667
Color,Carl Rinsch,218.0,128.0
Color,Carlos Carrera,85.0,118.0
Color,Carlos Saldanha,751.0,101.5
Color,Carlos Saura,35.0,115.0
Color,Carmen Marron,8.0,105.0
Color,Carol Reed,76.0,129.0
Color,Caroline Link,73.0,141.0
Color,Carroll Ballard,71.0,109.0
Color,Carter Smith,233.0,93.0
Color,Cary Bell,0.0,78.0
Color,Caryn Waechter,23.0,104.0
Color,Cassandra Nicolaou,10.0,97.0
Color,Catherine Gund,10.0,82.0
Color,Catherine Hardwicke,1026.0,104.83333333333333
Color,Catherine Jelski,13.0,87.0
Color,Catherine Owens,68.0,85.0
Color,Cathy Malkasian,38.0,85.0
Color,Cecil B. DeMille,44.0,152.0
Color,Cedric Nicolas-Troyan,231.0,120.0
Color,Chad Hartigan,34.0,83.0
Color,Chad Kapper,4.0,98.0
Color,Chan-wook Park,976.0,110.33333333333333
Color,Chao-Bin Su,50.0,117.0
Color,Charles Adelman,4.0,96.0
Color,Charles Binamé,20.0,124.0
Color,Charles Ferguson,256.0,102.33333333333333
Color,Charles Herman-Wurmfeld,316.0,93.33333333333333
Color,Charles Martin Smith,220.0,106.0
Color,Charles Robert Carner,35.0,97.0
Color,Charles S. Dutton,76.0,110.0
Color,Charles Shyer,135.0,103.0
Color,Charles Stone III,127.0,111.0
Color,Charles T. Kanganis,5.0,93.0
Color,Charlie Kaufman,245.0,124.0
Color,Charlie Levi,0.0,90.0
Color,Chatrichalerm Yukol,31.0,300.0
Color,Cheryl Dunye,33.0,86.0
Color,Chia-Liang Liu,77.0,102.0
Color,Chris Atkins,21.0,103.0
Color,Chris Buck,406.0,102.0
Color,Chris Butler,328.0,92.0
Color,Chris Carter,270.0,108.0
Color,Chris Columbus,1567.0,127.0909090909091
Color,Chris D'Arienzo,34.0,95.0
Color,Chris Eyre,56.0,89.0
Color,Chris Gorak,195.0,89.0
Color,Chris Kentis,453.0,82.5
Color,Chris Koch,123.0,95.0
Color,Chris Marker,16.0,59.0
Color,Chris Miller,473.0,91.5
Color,Chris Nahon,116.0,98.0
Color,Chris Noonan,203.0,89.5
Color,Chris Paine,87.0,92.0
Color,Chris Roberts,85.0,100.0
Color,Chris Robinson,54.0,105.0
Color,Chris Rock,302.0,97.0
Color,Chris Shadley,25.0,83.0
Color,Chris Stokes,72.0,88.0
Color,Chris Wedge,559.0,98.66666666666667
Color,Chris Weitz,863.0,105.8
Color,Christian Alvart,386.0,108.5
Color,Christian Carion,115.0,116.0
Color,Christian Ditter,148.0,110.0
Color,Christian Duguay,163.0,104.5
Color,Christian E. Christiansen,138.0,91.0
Color,Christian Sesma,6.0,82.0
Color,Christian Volckman,112.0,105.0
Color,Christine Jeffs,195.0,91.0
Color,Christophe Ali,7.0,79.0
Color,Christophe Barratier,112.0,97.0
Color,Christophe Gans,267.0,132.0
Color,Christopher Cain,93.0,109.0
Color,Christopher Erskin,45.0,97.0
Color,Christopher Guest,410.0,87.75
Color,Christopher Hutson,8.0,95.0
Color,Christopher Landon,220.0,101.0
Color,Christopher Leitch,29.0,95.0
Color,Christopher M. Bessette,6.0,88.0
Color,Christopher McQuarrie,969.0,126.66666666666667
Color,Christopher Morris,246.0,97.0
Color,Christopher Nolan,3816.0,144.14285714285714
Color,Christopher Scott Cherot,25.0,84.0
Color,Christopher Smith,356.0,94.5
Color,Christopher Spencer,61.0,170.0
Color,Chuck Bowman,32.0,89.0
Color,Chuck Russell,559.0,102.66666666666667
Color,Chuck Sheetz,44.0,82.0
Color,Ciarán Foy,189.0,97.0
Color,Clare Kilner,149.0,95.5
Color,Clark Baker,1.0,14.0
Color,Clark Gregg,159.0,92.0
Color,Clark Johnson,305.0,112.0
Color,Claude Chabrol,94.0,102.5
Color,Claude Miller,38.0,103.0
Color,Claudia Llosa,56.0,97.0
Color,Claudia Sainte-Luce,50.0,89.0
Color,Clay Kaytis,141.0,97.0
Color,Clint Eastwood,4075.0,130.42105263157896
Color,Clive Barker,203.0,86.0
Color,Cody Cameron,169.0,95.0
Color,Colin Higgins,11.0,114.0
Color,Colin Minihan,116.0,92.0
Color,Colin Strause,432.0,99.5
Color,Colin Trevorrow,915.0,105.0
Color,Collin Joseph Neal,7.0,75.0
Color,Collin Schiffli,22.0,90.0
Color,Conor McMahon,98.0,86.0
Color,Conor McPherson,90.0,86.0
Color,Corbin Bernsen,3.0,95.0
Color,Corey Grant,4.0,111.0
Color,Corey Yuen,110.0,87.0
Color,Cory Edwards,142.0,80.0
Color,Costa-Gavras,128.0,123.5
Color,Courtney Hunt,181.0,97.0
Color,Courtney Solomon,271.0,90.5
Color,Craig Bolotin,39.0,99.0
Color,Craig Brewer,159.0,116.0
Color,Craig Gillespie,913.0,113.25
Color,Craig Johnson,185.0,93.0
Color,Craig Mazin,150.0,82.0
Color,Craig Moss,45.0,81.0
Color,Craig R. Baxley,62.0,92.0
Color,Craig Zobel,286.0,90.0
Color,Cristian Mungiu,233.0,113.0
Color,Curtis Hanson,624.0,115.0
Color,Cyrus Nowrasteh,24.0,111.0
Color,Cédric Klapisch,117.0,101.0
Color,D. Stevens,6.0,94.0
Color,D.J. Caruso,835.0,108.75
Color,DJ Pooh,49.0,87.5
Color,Dagur Kári,61.0,99.0
Color,Daisy von Scherler Mayer,93.0,89.0
Color,Damian Nieman,25.0,101.0
Color,Damien Chazelle,535.0,107.0
Color,Damien Dante Wayans,83.0,88.0
Color,Damien O'Donnell,82.0,96.0
Color,Damir Catic,0.0,89.0
Color,Damon Santostefano,81.0,98.0
Color,Dan Curtis,0.0,99.0
Color,Dan Cutforth,68.0,93.0
Color,Dan Fogelman,139.0,106.0
Color,Dan Gilroy,534.0,117.0
Color,Dan Harris,73.0,111.0
Color,Dan Ireland,19.0,100.0
Color,Dan Mazer,158.0,109.0
Color,Dan O'Bannon,203.0,108.0
Color,Dan Perri,1.0,100.0
Color,Dan Reed,61.0,80.0
Color,Dan Rush,155.0,97.0
Color,Dan Scanlon,376.0,104.0
Color,Dan Trachtenberg,411.0,104.0
Color,Dan Zukovic,95.0,98.0
Color,Daniel Algrant,42.0,100.0
Color,Daniel Barber,224.0,97.0
Color,Daniel Barnz,250.0,103.5
Color,Daniel Columbie,0.0,90.0
Color,Daniel Davila,5.0,95.0
Color,Daniel Espinosa,560.0,125.33333333333333
Color,Daniel Hsia,14.0,100.0
Color,Daniel Lee,97.0,102.5
Color,Daniel Mellitz,0.0,
Color,Daniel Petrie Jr.,9.0,88.0
Color,Daniel Sackheim,95.0,106.0
Color,Daniel Schechter,15.0,87.0
Color,Daniel Stamm,311.0,87.0
Color,Daniel Taplitz,39.0,85.0
Color,Daniele Luchetti,4.0,98.0
Color,Danny Boyle,2457.0,108.75
Color,Danny Cannon,215.0,109.0
Color,Danny DeVito,215.0,112.66666666666667
Color,Danny Leiner,256.0,85.5
Color,Danny Pang,148.0,103.0
Color,Danny Perez,10.0,94.0
Color,Danny Provenzano,5.0,100.0
Color,Danny Steinmann,160.0,92.0
Color,Dany Boon,78.0,106.0
Color,Dario Argento,76.0,120.0
Color,Darnell Martin,81.0,109.0
Color,Darrell Roodt,17.0,104.0
Color,Darren Aronofsky,2002.0,110.6
Color,Darren Grant,62.0,116.0
Color,Darren Lynn Bousman,807.0,111.8
Color,Darren Stein,57.0,88.5
Color,Daryl Wein,22.0,88.0
Color,Daston Kalili,0.0,127.0
Color,Dave Borthwick,31.0,77.0
Color,Dave Carroll,10.0,92.0
Color,Dave Green,293.0,101.5
Color,Dave McKean,116.0,101.0
Color,Dave Meyers,16.0,84.0
Color,Dave Payne,21.0,88.0
Color,David Anspaugh,21.0,101.0
Color,David Atkins,84.0,95.0
Color,David Ayer,1720.0,116.66666666666667
Color,David Bowers,464.0,93.0
Color,David Boyd,10.0,113.0
Color,David Caffrey,51.0,88.0
Color,David Carson,98.0,118.0
Color,David Cronenberg,1674.0,98.83333333333333
Color,David Cross,20.0,96.0
Color,David DeCoteau,8.0,83.5
Color,David Dobkin,705.0,119.25
Color,David Duchovny,46.0,96.0
Color,David E. Talbert,52.0,96.0
Color,David F. Sandberg,159.0,81.0
Color,David Fincher,3511.0,141.9
Color,David Frankel,730.0,106.0
Color,David G. Evans,25.0,101.0
Color,David Gelb,152.0,83.0
Color,David Gordon Green,1194.0,104.375
Color,David Hackl,160.0,95.0
Color,David Hayter,59.0,91.0
Color,David Hewlett,8.0,88.0
Color,David Hunt,1.0,112.0
Color,David Jacobson,74.0,108.0
Color,David Kellogg,70.0,110.0
Color,David Koepp,998.0,99.0
Color,David LaChapelle,49.0,86.0
Color,David Lam,12.0,92.0
Color,David Lean,444.0,188.0
Color,David Leland,57.0,104.0
Color,David Lowery,78.0,102.0
Color,David Lynch,539.0,145.33333333333334
Color,David M. Matthews,5.0,
Color,David Mamet,255.0,104.5
Color,David McNally,228.0,98.0
Color,David Mirkin,116.0,123.0
Color,David Moreau,172.0,92.0
Color,David Nixon,19.0,110.0
Color,David Nutter,96.0,84.0
Color,David O. Russell,2241.0,114.125
Color,David Oelhoffen,102.0,101.0
Color,David Palmer,176.0,100.0
Color,David Pastor,130.0,84.0
Color,David R. Ellis,1039.0,92.2
Color,David Ray,16.0,87.0
Color,David Raynr,90.0,100.33333333333333
Color,David Robert Mitchell,533.0,100.0
Color,David S. Goyer,363.0,105.5
Color,David S. Ward,57.0,107.0
Color,David Schwimmer,277.0,103.0
Color,David Silverman,299.0,87.0
Color,David Slade,828.0,113.66666666666667
Color,David Soren,166.0,96.0
Color,David Twohy,883.0,120.25
Color,David Wain,499.0,94.5
Color,David Webb Peoples,21.0,90.0
Color,David Winning,4.0,82.0
Color,David Winters,3.0,89.0
Color,David Worth,4.0,91.0
Color,David Yates,952.0,133.66666666666666
Color,David Zucker,446.0,86.2
Color,Davis Guggenheim,500.0,93.66666666666667
Color,Dean DeBlois,760.0,95.0
Color,Dean Israelite,177.0,106.0
Color,Dean Parisot,624.0,99.75
Color,Dean Wright,43.0,145.0
Color,Deb Hagan,42.0,94.0
Color,Debra Granik,365.0,100.0
Color,Deepa Mehta,125.0,113.5
Color,Demian Lichtenstein,113.0,125.0
Color,Dena Seidel,5.0,72.0
Color,Denis Villeneuve,1158.0,137.66666666666666
Color,Dennie Gordon,225.0,100.25
Color,Dennis Dugan,1252.0,97.77777777777777
Color,Dennis Gansel,93.0,107.0
Color,Dennis Hopper,24.0,94.0
Color,Dennis Iliadis,241.0,114.0
Color,Denys Arcand,135.0,112.0
Color,Denzel Washington,233.0,121.5
Color,Deon Taylor,63.0,88.0
Color,Derek Cianfrance,794.0,126.0
Color,Derick Martini,32.0,89.0
Color,Derrick Borte,144.0,96.0
Color,Deryck Broom,7.0,87.0
Color,Des McAnuff,49.0,92.0
Color,Dewey Nicks,66.0,86.0
Color,Dexter Fletcher,216.0,106.0
Color,Diane English,124.0,114.0
Color,Diane Keaton,82.0,94.0
Color,Dick Richards,6.0,107.0
Color,Dinesh D'Souza,30.0,87.0
Color,Dito Montiel,62.0,90.0
Color,Dominic Burns,20.0,101.0
Color,Dominic Sena,507.0,109.0
Color,Dominique Othenin-Girard,137.0,96.0
Color,Don Bluth,233.0,85.66666666666667
Color,Don Coscarelli,385.0,93.0
Color,Don Hall,384.0,102.0
Color,Don Kempf,14.0,46.0
Color,Don Mancini,148.0,88.0
Color,Don Michael Paul,83.0,95.5
Color,Don Scardino,260.0,100.0
Color,Don Siegel,53.0,112.0
Color,Don Taylor,74.0,98.0
Color,Donald Petrie,674.0,103.625
Color,Doug Atchison,95.0,112.0
Color,Doug Block,45.0,90.0
Color,Doug Lefler,90.0,102.0
Color,Doug Liman,1733.0,107.42857142857143
Color,Douglas Aarniokoski,219.0,92.5
Color,Douglas Cheek,77.0,96.0
Color,Douglas McGrath,378.0,113.0
Color,Douglas Trumbull,87.0,89.0
Color,Drake Doremus,206.0,90.0
Color,Drew Barrymore,230.0,111.0
Color,Drew Goddard,634.0,95.0
Color,Dror Moreh,105.0,101.0
Color,Duane Journey,46.0,86.0
Color,Duke Johnson,328.0,90.0
Color,Duncan Jones,1212.0,104.33333333333333
Color,Duncan Tucker,169.0,103.0
Color,Dustin Hoffman,175.0,98.0
Color,Dwight H. Little,238.0,92.5
Color,Dylan Bank,7.0,100.0
Color,E. Elias Merhige,101.0,99.0
Color,E.L. Katz,193.0,88.0
Color,Ed Decter,49.0,92.0
Color,Ed Gass-Donnelly,161.0,93.0
Color,Ed Harris,305.0,118.5
Color,Eddie O'Flaherty,13.0,109.0
Color,Edgar Wright,1351.0,110.25
Color,Edward Burns,99.0,98.0
Color,Edward Dmytryk,10.0,113.0
Color,Edward Hall,17.0,180.0
Color,Edward Norton,148.0,128.0
Color,Edward Zwick,877.0,128.0
Color,Efram Potelle,29.0,79.0
Color,Ekachai Uekrongtham,66.0,96.0
Color,Elaine May,49.0,107.0
Color,Eldar Rapaport,10.0,99.0
Color,Eli Craig,324.0,89.0
Color,Eli Roth,840.0,95.66666666666667
Color,Elizabeth Allen Rosenbaum,147.0,103.5
Color,Elizabeth Banks,401.0,104.5
Color,Ellory Elkayem,181.0,99.0
Color,Emile Ardolino,10.0,92.0
Color,Emilio Estevez,195.0,112.0
Color,Emily Dell,8.0,88.0
Color,Emily Young,19.0,103.0
Color,Emma-Kate Croghan,21.0,76.0
Color,Enrique Begne,5.0,101.0
Color,Eric Blakeney,49.0,101.0
Color,Eric Bress,185.0,120.0
Color,Eric Brevig,344.0,86.5
Color,Eric Bross,46.0,86.0
Color,Eric Bugbee,2.0,98.0
Color,Eric Darnell,843.0,88.6
Color,Eric Eason,28.0,79.0
Color,Eric England,15.0,81.0
Color,Eric Lartigau,94.0,106.0
Color,Eric Lavaine,17.0,98.0
Color,Eric Leighton,145.0,82.0
Color,Eric Mendelsohn,20.0,88.0
Color,Eric Schaeffer,25.0,98.0
Color,Eric Styles,16.0,92.0
Color,Eric Valette,183.0,90.5
Color,Ericson Core,163.0,114.0
Color,Erik Canuel,28.0,116.0
Color,Erik White,62.0,99.0
Color,Ernest R. Dickerson,66.0,92.0
Color,Ernie Barbarash,65.0,103.5
Color,Errol Morris,121.0,118.0
Color,Etan Cohen,173.0,107.0
Color,Ethan Coen,2814.0,106.85714285714286
Color,Ethan Maniquis,391.0,105.0
Color,Eugenio Derbez,41.0,115.0
Color,Evan Goldberg,711.0,109.5
Color,Eytan Fox,51.0,90.0
Color,F. Gary Gray,1088.0,126.57142857142857
Color,Fabián Bielinsky,94.0,114.0
Color,Fatih Akin,115.0,99.0
Color,Fede Alvarez,543.0,96.0
Color,Fedor Bondarchuk,14.0,115.0
Color,Fenton Bailey,39.0,98.0
Color,Fernando Baez Mella,1.0,101.0
Color,Fernando León de Aranoa,64.0,113.0
Color,Fernando Meirelles,669.0,128.33333333333334
Color,Feroz Abbas Khan,16.0,136.0
Color,Ferzan Ozpetek,81.0,110.0
Color,Fina Torres,72.0,92.0
Color,Finn Taylor,28.0,97.0
Color,Florence Ayisi,27.0,104.0
Color,Florent-Emilio Siri,152.0,113.0
Color,Floria Sigismondi,259.0,106.0
Color,Florian Henckel von Donnersmarck,536.0,120.0
Color,Floyd Mutrux,5.0,99.0
Color,Forest Whitaker,65.0,114.0
Color,Francesca Gregorini,21.0,96.0
Color,Francis Ford Coppola,1401.0,153.1818181818182
Color,Francis Lawrence,1896.0,126.0
Color,Franck Khalfoun,279.0,89.0
Color,Franco Zeffirelli,62.0,117.0
Color,Frank Capra,227.0,127.0
Color,Frank Coraci,919.0,111.66666666666667
Color,Frank Darabont,843.0,152.25
Color,Frank LaLoggia,130.0,118.0
Color,Frank Lotito,0.0,102.0
Color,Frank Marshall,290.0,113.0
Color,Frank Miller,223.0,103.0
Color,Frank Nissen,45.0,68.0
Color,Frank Oz,789.0,96.71428571428571
Color,Frank Perry,74.0,129.0
Color,Frank Sebastiano,20.0,86.0
Color,Frank Whaley,9.0,96.0
Color,Franklin J. Schaffner,169.0,138.33333333333334
Color,François Girard,94.0,130.0
Color,François Ozon,288.0,106.5
Color,François Truffaut,35.0,123.0
Color,Fred Dekker,75.0,104.0
Color,Fred Durst,47.0,94.0
Color,Fred Savage,52.0,89.0
Color,Fred Schepisi,61.0,109.0
Color,Fred Walton,96.0,89.0
Color,Fred Wolf,187.0,92.0
Color,Fred Zinnemann,125.0,128.66666666666666
Color,Frederik Du Chau,107.0,94.0
Color,Frédéric Auburtin,7.0,110.0
Color,Frédéric Forestier,33.0,116.0
Color,Gabe Ibáñez,136.0,109.0
Color,Gabor Csupo,181.0,96.0
Color,Gabriela Tagliavini,4.0,87.0
Color,Gabriele Muccino,574.0,117.5
Color,Gareth Edwards,344.0,94.0
Color,Gareth Evans,481.0,102.0
Color,Garry Marshall,937.0,116.875
Color,Garth Jennings,276.0,109.0
Color,Gary Chapman,93.0,76.0
Color,Gary David Goldberg,120.0,98.0
Color,Gary Fleder,534.0,109.0
Color,Gary Halvorson,44.0,73.0
Color,Gary Hardwick,52.0,106.0
Color,Gary McKendry,189.0,116.0
Color,Gary Nelson,90.0,98.0
Color,Gary Rogers,7.0,120.0
Color,Gary Ross,752.0,140.5
Color,Gary Sherman,66.0,98.0
Color,Gary Shore,261.0,92.0
Color,Gary Sinyor,12.0,94.0
Color,Gary Trousdale,226.0,93.0
Color,Gary Winick,641.0,93.4
Color,Gaspar Noé,408.0,130.0
Color,Gavin Hood,959.0,112.25
Color,Gavin O'Connor,787.0,121.0
Color,Gavin Wiesen,122.0,83.0
Color,Gene Quintano,19.0,84.0
Color,Gene Teigland,0.0,103.0
Color,Genndy Tartakovsky,408.0,90.0
Color,Geoff Murphy,47.0,92.0
Color,Geoffrey Sax,239.0,97.0
Color,George A. Romero,865.0,100.5
Color,George Armitage,186.0,97.5
Color,George Clooney,1159.0,111.5
Color,George Cukor,82.0,170.0
Color,George Gallo,68.0,88.5
Color,George Hickenlooper,234.0,103.5
Color,George Jackson,12.0,94.0
Color,George Lucas,1345.0,131.0
Color,George Miller,1505.0,103.85714285714286
Color,George Nolfi,413.0,106.0
Color,George P. Cosmatos,204.0,111.0
Color,George Ratliff,48.0,96.0
Color,George Roy Hill,249.0,119.5
Color,George Sidney,43.0,105.33333333333333
Color,George Stevens,27.0,225.0
Color,George Tillman Jr.,445.0,117.5
Color,Georgia Hilton,1.0,122.0
Color,Gerald Potterton,62.0,90.0
Color,Gerard Johnstone,166.0,107.0
Color,Gerry Lively,26.0,105.0
Color,Gia Coppola,117.0,100.0
Color,Gideon Raff,33.0,94.0
Color,Gil Junger,179.0,96.0
Color,Gil Kenan,308.0,90.5
Color,Gilles Paquet-Brenner,136.0,111.0
Color,Gillian Armstrong,55.0,123.5
Color,Gillian Robespierre,155.0,84.0
Color,Gina Prince-Bythewood,248.0,116.66666666666667
Color,Giovanni Zelko,5.0,99.0
Color,Giuliano Montaldo,28.0,96.0
Color,Giuseppe Tornatore,124.0,131.0
Color,Glen Morgan,315.0,97.0
Color,Glenn Ficarra,831.0,108.33333333333333
Color,Gnana Rajasekaran,2.0,153.0
Color,Gonzalo López-Gallego,228.0,86.0
Color,Goran Dukic,117.0,88.0
Color,Gordon Chan,98.0,108.0
Color,Gore Verbinski,1979.0,135.0
Color,Graham Annable,219.0,96.0
Color,Grant Heslov,271.0,94.0
Color,Greg Berlanti,51.0,94.0
Color,Greg Coolidge,85.0,103.0
Color,Greg Harrison,89.0,82.0
Color,Greg Marcks,68.0,85.0
Color,Greg Mottola,846.0,111.66666666666667
Color,Greg Tiernan,65.0,89.0
Color,Gregor Jordan,206.0,98.0
Color,Gregory Hoblit,475.0,114.66666666666667
Color,Gregory Jacobs,222.0,115.0
Color,Gregory Nava,37.0,127.0
Color,Gregory Poirier,75.0,95.0
Color,Gregory Widen,56.0,98.0
Color,Griffin Dunne,105.0,97.0
Color,Guillaume Canet,209.0,139.0
Color,Guillaume Ivernel,41.0,80.0
Color,Guillermo del Toro,1792.0,122.4
Color,Gurinder Chadha,311.0,111.33333333333333
Color,Gus Van Sant,1089.0,115.57142857142857
Color,Guy Hamilton,538.0,119.0
Color,Guy Ritchie,1706.0,114.28571428571429
Color,Gérard Krawczyk,40.0,94.0
Color,H.M. Coakley,8.0,91.0
Color,Hal Haberman,56.0,81.0
Color,Hal Needham,40.0,99.0
Color,Ham Tran,15.0,135.0
Color,Hank Braxtan,14.0,89.0
Color,Hans Canosa,365.0,84.0
Color,Hans Petter Moland,28.0,106.0
Color,Hao Ning,16.0,98.5
Color,Harald Reinl,38.0,80.0
Color,Harald Zwart,291.0,116.0
Color,Hark Tsui,67.0,91.0
Color,Harley Cokeliss,27.0,92.0
Color,Harmage Singh Kalirai,10.0,90.0
Color,Harmony Korine,444.0,94.0
Color,Harold Becker,270.0,106.0
Color,Harold Cronk,29.0,120.0
Color,Harold Ramis,861.0,100.75
Color,Harry Elfont,169.0,99.0
Color,Harry Gantz,12.0,105.0
Color,Hart Bochner,15.0,79.0
Color,Hayao Miyazaki,888.0,119.75
Color,Hayley Cloake,11.0,90.0
Color,Heidi Ewing,73.0,93.0
Color,Henry Alex Rubin,110.0,88.0
Color,Henry Hathaway,74.0,92.0
Color,Henry Hobson,256.0,95.0
Color,Henry Jaglom,19.0,117.0
Color,Henry Joost,585.0,95.33333333333333
Color,Henry Koster,42.0,135.0
Color,Henry Selick,74.0,93.0
Color,Herb Freed,78.0,96.0
Color,Herbert Ross,60.0,107.0
Color,Hideaki Anno,1.0,120.0
Color,Hideo Nakata,196.0,128.0
Color,Hironobu Sakaguchi,166.0,106.0
Color,Hitoshi Matsumoto,72.0,99.0
Color,Hong-jin Na,77.0,156.0
Color,Howard Deutch,272.0,109.33333333333333
Color,Howard Zieff,56.0,105.5
Color,Hoyt Yeatman,145.0,88.0
Color,Hsiao-Hsien Hou,205.0,105.0
Color,Huck Botko,46.0,86.0
Color,Hue Rhodes,45.0,85.0
Color,Hugh Hudson,142.0,119.5
Color,Hugh Johnson,68.0,102.0
Color,Hugh Wilson,231.0,97.0
Color,Hunter Richards,34.0,92.0
Color,Hyung-rae Shim,97.0,103.5
Color,Iain Softley,380.0,111.0
Color,Ian Fitzgibbon,54.0,88.0
Color,Ian Iqbal Rashid,62.0,94.0
Color,Ian Sharp,12.0,102.0
Color,Ice Cube,22.0,104.0
Color,Igor Kovalyov,45.0,83.0
Color,Ingmar Bergman,76.0,91.0
Color,Inna Evlannikova,16.0,85.0
Color,Ira Sachs,160.0,99.5
Color,Irvin Kershner,312.0,124.0
Color,Irwin Winkler,152.0,119.5
Color,Isaac Florentine,28.0,80.0
Color,Isabel Coixet,72.0,106.0
Color,István Szabó,93.0,104.0
Color,Ivan Engler,64.0,112.0
Color,Ivan Reitman,789.0,107.75
Color,J Blakeson,194.0,112.0
Color,J. Lee Thompson,142.0,92.0
Color,J.A. Bayona,671.0,109.5
Color,J.B. Rogers,229.0,101.5
Color,J.C. Chandor,986.0,112.66666666666667
Color,J.J. Abrams,1957.0,123.75
Color,J.S. Cardone,56.0,90.0
Color,JK Youn,43.0,103.0
Color,Jack Heller,26.0,90.0
Color,Jack Perez,131.0,97.0
Color,Jack Sholder,138.0,87.0
Color,Jack Smight,63.0,106.0
Color,Jackie Earle Haley,46.0,94.0
Color,Jaco Booyens,0.0,90.0
Color,Jacob Aaron Estes,126.0,90.0
Color,Jacques Perrin,213.0,92.5
Color,Jafar Panahi,64.0,90.0
Color,Jaime Zevallos,0.0,93.0
Color,Jake Goldberger,39.0,87.0
Color,Jake Kasdan,739.0,106.75
Color,Jake Paltrow,50.0,93.0
Color,Jake Schreier,443.0,99.0
Color,Jake Scott,112.0,110.0
Color,Jamaa Fanaka,23.0,99.0
Color,Jamal Hill,10.0,89.0
Color,Jamel Debbouze,9.0,101.0
Color,James Algar,344.0,88.0
Color,James Bidgood,8.0,65.0
Color,James Bobin,893.0,111.66666666666667
Color,James Bridges,28.0,107.0
Color,James Cameron,1878.0,156.85714285714286
Color,James Cox,115.0,97.33333333333333
Color,James David Pasternak,17.0,85.0
Color,James DeMonaco,811.0,99.0
Color,James Dodson,22.0,106.0
Color,James Fargo,2.0,127.0
Color,James Foley,330.0,102.33333333333333
Color,James Frawley,63.0,95.0
Color,James Gartner,95.0,118.0
Color,James Gray,735.0,115.5
Color,James Gunn,1142.0,104.0
Color,James Isaac,205.0,85.0
Color,James Ivory,332.0,131.71428571428572
Color,James L. Brooks,448.0,130.33333333333334
Color,James Manera,12.0,99.0
Color,James Mangold,1834.0,123.875
Color,James Marsh,613.0,106.5
Color,James Mather,289.0,95.0
Color,James McTeigue,1089.0,109.25
Color,James Melkonian,10.0,82.0
Color,James Mottern,46.0,90.0
Color,James Nunn,25.0,93.0
Color,James O'Brien,5.0,105.0
Color,James Ponsoldt,220.0,95.0
Color,James Schamus,63.0,110.0
Color,James Toback,81.0,91.5
Color,James Wan,2451.0,115.57142857142857
Color,James Watkins,623.0,93.0
Color,James Wong,655.0,92.25
Color,Jamie Babbit,164.0,88.0
Color,Jamie Blanks,221.0,97.5
Color,Jamie Thraves,35.0,100.0
Color,Jamie Travis,115.0,88.0
Color,Jamin Winans,66.0,107.0
Color,Jan de Bont,631.0,116.0
Color,Jane Campion,443.0,117.66666666666667
Color,Jane Clark,0.0,7.0
Color,Janusz Kaminski,100.0,97.0
Color,Jared Hess,489.0,91.0
Color,Jason Alexander,20.0,97.0
Color,Jason Bateman,126.0,89.0
Color,Jason Connery,32.0,90.0
Color,Jason Eisener,272.0,86.0
Color,Jason Friedberg,456.0,87.25
Color,Jason Miller,5.0,77.0
Color,Jason Moore,223.0,112.0
Color,Jason Naumann,0.0,35.0
Color,Jason Reitman,1559.0,100.2
Color,Jason Stone,48.0,108.0
Color,Jason Trost,42.0,78.0
Color,Jason Zada,185.0,93.0
Color,Jaume Balagueró,773.0,92.0
Color,Jaume Collet-Serra,1623.0,108.33333333333333
Color,Jay Alaimo,9.0,84.0
Color,Jay Chandrasekhar,401.0,109.0
Color,Jay Duplass,549.0,85.75
Color,Jay Levey,59.0,150.0
Color,Jay Oliva,44.0,148.0
Color,Jay Roach,1332.0,98.625
Color,Jay Russell,273.0,100.0
Color,Je-kyu Kang,86.0,148.0
Color,Jean-François Richet,152.0,109.0
Color,Jean-Jacques Annaud,413.0,119.0
Color,Jean-Jacques Mantello,9.0,42.0
Color,Jean-Luc Godard,96.0,110.0
Color,Jean-Marc Vallée,1008.0,110.66666666666667
Color,Jean-Marie Poiré,85.0,103.0
Color,Jean-Paul Rappeneau,28.0,135.0
Color,Jean-Pierre Jeunet,744.0,114.75
Color,Jeannot Szwarc,116.0,117.0
Color,Jeb Stuart,58.0,123.0
Color,Jee-woon Kim,528.0,121.0
Color,Jeff Burr,57.0,92.0
Color,Jeff Crook,8.0,90.0
Color,Jeff Franklin,45.0,94.0
Color,Jeff Garlin,32.0,80.0
Color,Jeff Kanew,11.0,105.0
Color,Jeff Lowell,100.0,95.0
Color,Jeff Nathanson,42.0,93.0
Color,Jeff Nichols,1075.0,113.75
Color,Jeff Schaffer,92.0,93.0
Color,Jeff Tremaine,523.0,95.5
Color,Jeff Wadlow,627.0,101.0
Color,Jeffrey St. Jules,16.0,90.0
Color,Jeffrey W. Byrd,23.0,95.0
Color,Jehane Noujaim,68.0,108.0
Color,Jem Cohen,12.0,111.0
Color,Jennifer Finnigan,1.0,97.0
Color,Jennifer Flackett,139.0,96.0
Color,Jennifer Wynne Farmer,2.0,107.0
Color,Jennifer Yuh Nelson,284.0,90.0
Color,Jeremy Brock,64.0,98.0
Color,Jeremy Degruson,60.0,85.0
Color,Jeremy Leven,44.0,97.0
Color,Jeremy Saulnier,601.0,92.5
Color,Jeremy Sims,17.0,122.0
Color,Jerome Elston Scott,8.0,98.0
Color,Jerome Robbins,120.0,152.0
Color,Jerry Belson,21.0,87.0
Color,Jerry Dugan,18.0,92.0
Color,Jerry Jameson,71.0,108.0
Color,Jerry Rees,17.0,90.0
Color,Jerry Zaks,45.0,98.0
Color,Jerry Zucker,233.0,124.33333333333333
Color,Jesse Dylan,281.0,87.33333333333333
Color,Jesse Peretz,195.0,92.0
Color,Jesse Vaughan,32.0,91.0
Color,Jessica Bendinger,90.0,103.0
Color,Jessie Nelson,226.0,119.5
Color,Jessy Terrero,75.0,92.0
Color,Jeta Amata,6.0,95.0
Color,Jez Butterworth,111.0,93.0
Color,Jill Sprecher,120.0,100.0
Color,Jim Abrahams,134.0,88.0
Color,Jim Amatulli,0.0,90.0
Color,Jim Fall,66.0,94.0
Color,Jim Field Smith,180.0,104.0
Color,Jim Gillespie,206.0,97.5
Color,Jim Goddard,21.0,97.0
Color,Jim Hanon,47.0,108.0
Color,Jim Issa,4.0,84.0
Color,Jim Jarmusch,167.0,116.0
Color,Jim Mickle,215.0,98.0
Color,Jim Sheridan,489.0,102.0
Color,Jim Sonzero,148.0,90.0
Color,Jimmy Hayward,296.0,86.0
Color,Jirí Menzel,99.0,113.0
Color,Joachim Rønning,58.0,93.0
Color,Joan Chen,101.0,103.0
Color,Joby Harold,133.0,84.0
Color,Jodie Foster,589.0,97.33333333333333
Color,Jody Hill,190.0,86.0
Color,Joe Berlinger,160.0,90.0
Color,Joe Camp,5.0,86.0
Color,Joe Carnahan,721.0,110.33333333333333
Color,Joe Chappelle,123.0,93.0
Color,Joe Charbanic,103.0,97.0
Color,Joe Cornish,399.0,88.0
Color,Joe Cross,13.0,97.0
Color,Joe Dante,875.0,99.28571428571429
Color,Joe Johnston,1205.0,117.75
Color,Joe Kenemore,0.0,52.0
Color,Joe Marino,9.0,76.0
Color,Joe Nussbaum,207.0,100.33333333333333
Color,Joe Pytka,46.0,88.0
Color,Joe Roth,247.0,100.5
Color,Joe Swanberg,220.0,86.0
Color,Joe Wright,1700.0,121.0
Color,Joel Anderson,95.0,89.0
Color,Joel Coen,607.0,108.0
Color,Joel Edgerton,297.0,108.0
Color,Joel Gallen,97.0,99.0
Color,Joel Paul Reisig,2.0,108.0
Color,Joel Schumacher,1523.0,112.83333333333333
Color,Joel Zwick,227.0,94.0
Color,Joey Lauren Adams,36.0,97.0
Color,Johanna Schwartz,22.0,105.0
Color,John 'Bud' Cardos,95.0,97.0
Color,John A. Davis,171.0,85.0
Color,John Badham,84.0,114.0
Color,John Blanchard,0.0,65.0
Color,John Bonito,78.0,92.0
Color,John Boorman,273.0,106.33333333333333
Color,John Cameron Mitchell,516.0,95.66666666666667
Color,John Carl Buechler,110.0,88.0
Color,John Carney,515.0,94.5
Color,John Carpenter,1794.0,99.9
Color,John Cornell,32.0,108.0
Color,John Crowley,351.0,111.0
Color,John Curran,281.0,115.0
Color,John D. Hancock,4.0,110.0
Color,John Dahl,389.0,103.66666666666667
Color,John Duigan,16.0,102.0
Color,John Eng,45.0,80.0
Color,John Erick Dowdle,870.0,91.25
Color,John Ford,82.0,106.0
Color,John Fortenberry,63.0,82.0
Color,John Francis Daley,204.0,99.0
Color,John Frankenheimer,415.0,111.75
Color,John G. Avildsen,222.0,135.5
Color,John Gatins,75.0,98.0
Color,John Glen,548.0,130.4
Color,John Gray,39.0,91.0
Color,John Guillermin,21.0,117.0
Color,John Gulager,130.0,95.0
Color,John H. Lee,2.0,115.0
Color,John Hamburg,356.0,94.33333333333333
Color,John Herzfeld,181.0,108.5
Color,John Hillcoat,737.0,110.0
Color,John Hoffman,52.0,87.0
Color,John Huston,42.0,115.0
Color,John Lafia,59.0,72.0
Color,John Laing,0.0,86.0
Color,John Landis,408.0,112.0
Color,John Lasseter,1034.0,94.8
Color,John Lee Hancock,864.0,129.5
Color,John Luessenhop,401.0,99.5
Color,John Maclean,246.0,84.0
Color,John Madden,910.0,122.6
Color,John Maybury,161.0,94.0
Color,John McNaughton,69.0,115.0
Color,John McTiernan,1326.0,114.8
Color,John Michael McDonagh,261.0,96.0
Color,John Milius,276.0,119.33333333333333
Color,John Moore,885.0,105.75
Color,John Murlowski,2.0,89.0
Color,John Ottman,108.0,97.0
Color,John Pasquin,230.0,103.33333333333333
Color,John Patrick Shanley,293.0,104.0
Color,John Polson,266.0,93.0
Color,John Putch,23.0,111.0
Color,John R. Leonetti,330.0,97.0
Color,John Sayles,217.0,131.5
Color,John Schlesinger,117.0,100.0
Color,John Schultz,180.0,92.0
Color,John Simpson,24.0,99.0
Color,John Singleton,689.0,107.0
Color,John Stainton,61.0,90.0
Color,John Stephenson,9.0,100.0
Color,John Stockwell,273.0,116.33333333333333
Color,John Sturges,111.0,172.0
Color,John Turturro,123.0,112.0
Color,John Waters,215.0,96.66666666666667
Color,John Wells,497.0,111.0
Color,John Whitesell,312.0,97.0
Color,John Woo,972.0,131.83333333333334
Color,Johnnie To,98.0,110.0
Color,Johnny Remo,2.0,112.0
Color,Jon Amiel,378.0,116.25
Color,Jon Avnet,390.0,111.0
Color,Jon Cassar,45.0,90.0
Color,Jon Favreau,1678.0,108.16666666666667
Color,Jon Gunn,69.0,105.33333333333333
Color,Jon Hess,19.0,87.0
Color,Jon Hurwitz,444.0,107.5
Color,Jon Kasdan,81.0,97.0
Color,Jon Knautz,170.0,94.0
Color,Jon Lucas,249.0,96.5
Color,Jon M. Chu,866.0,114.2
Color,Jon Poll,146.0,97.0
Color,Jon Shear,38.0,106.0
Color,Jon Stewart,129.0,103.0
Color,Jon Turteltaub,889.0,116.33333333333333
Color,Jon Wright,187.0,94.0
Color,Jonas Elmer,121.0,97.0
Color,Jonas Åkerlund,92.0,106.0
Color,Jonathan Caouette,72.0,88.0
Color,Jonathan Dayton,270.0,101.0
Color,Jonathan Demme,772.0,135.4
Color,Jonathan English,91.0,121.0
Color,Jonathan Frakes,448.0,100.75
Color,Jonathan Glazer,770.0,99.0
Color,Jonathan Hensleigh,192.0,140.0
Color,Jonathan Jakubowicz,0.0,105.0
Color,Jonathan Kaplan,70.0,100.0
Color,Jonathan Levine,1159.0,96.75
Color,Jonathan Liebesman,1349.0,99.0
Color,Jonathan Lynn,274.0,102.25
Color,Jonathan Mostow,788.0,101.75
Color,Jonathan Newman,28.0,100.0
Color,Jonathan Parker,2.0,87.0
Color,Jonathan Teplitzky,186.0,116.0
Color,Joon-ho Bong,488.0,126.0
Color,Jorge Blanco,156.0,91.0
Color,Jorge Gaggero,25.0,83.0
Color,Jorge R. Gutiérrez,156.0,95.0
Color,Jorge Ramírez Suárez,26.0,120.0
Color,Jorma Taccone,163.0,95.0
Color,Josef Rusnak,111.0,100.0
Color,Joseph Dorman,29.0,93.0
Color,Joseph Gordon-Levitt,364.0,90.0
Color,Joseph Kahn,201.0,88.5
Color,Joseph Kosinski,1012.0,124.5
Color,Joseph L. Mankiewicz,72.0,251.0
Color,Joseph Mazzella,0.0,90.0
Color,Joseph Ruben,40.0,105.0
Color,Joseph Sargent,80.0,92.0
Color,Joseph Zito,220.0,102.0
Color,Josh Boone,326.0,133.0
Color,Josh Gordon,372.0,97.0
Color,Josh Schwartz,77.0,86.0
Color,Josh Trank,783.0,94.5
Color,Joshua Logan,20.0,158.0
Color,Joshua Marston,155.0,101.0
Color,Joshua Michael Stern,131.0,120.0
Color,Joshua Oppenheimer,248.0,96.0
Color,Joshua Seftel,79.0,107.0
Color,Joshua Tickell,14.0,112.0
Color,Joss Whedon,1614.0,144.33333333333334
Color,José Luis Valenzuela,13.0,100.0
Color,José Padilha,634.0,116.0
Color,Juan Carlos Fresnadillo,274.0,100.0
Color,Juan José Campanella,344.0,117.5
Color,Judd Apatow,1315.0,136.4
Color,Jugal Hansraj,6.0,93.0
Color,Julian Gilbey,164.0,100.5
Color,Julian Jarrold,241.0,111.0
Color,Julian Schnabel,301.0,110.0
Color,Julie Anne Robinson,250.0,99.0
Color,Julie Davis,5.0,86.0
Color,Julie Taymor,248.0,121.5
Color,Julien Temple,22.0,124.0
Color,Julio DePietro,22.0,90.0
Color,Jun Falkenstein,89.0,77.0
Color,Juraj Jakubisko,25.0,141.0
Color,Justin Chadwick,380.0,128.0
Color,Justin Dillon,7.0,86.0
Color,Justin Kerrigan,47.0,99.0
Color,Justin Lin,908.0,108.0
Color,Justin Molotnikov,16.0,93.0
Color,Justin Paul Miller,1.0,90.0
Color,Justin Thomas Ostensen,18.0,99.0
Color,Justin Tipping,6.0,80.0
Color,Justin Zackham,133.0,89.0
Color,Jérôme Deschamps,4.0,80.0
Color,Jérôme Salle,69.0,110.0
Color,K. King,150.0,93.0
Color,Kabir Sadanand,9.0,134.0
Color,Kaige Chen,90.0,103.0
Color,Kar-Wai Wong,465.0,108.5
Color,Karan Johar,230.0,160.5
Color,Karen Moncrieff,129.0,90.5
Color,Karey Kirkpatrick,93.0,107.0
Color,Kari Skogland,76.0,117.0
Color,Karim Aïnouz,70.0,106.0
Color,Karyn Kusama,478.0,100.0
Color,Kasi Lemmons,129.0,102.33333333333333
Color,Kat Coiro,18.0,100.0
Color,Kate Barker-Froyland,43.0,86.0
Color,Kate Connor,8.0,100.0
Color,Katherine Brooks,14.0,76.0
Color,Katherine Dieckmann,43.0,90.0
Color,Kathryn Bigelow,1082.0,142.0
Color,Katie Aselton,95.0,83.0
Color,Katja von Garnier,106.0,98.0
Color,Katsuhiro Ôtomo,255.0,113.5
Color,Kay Pollak,34.0,133.0
Color,Keenen Ivory Wayans,275.0,97.5
Color,Keith Gordon,66.0,109.0
Color,Keith Parmer,21.0,96.0
Color,Kelly Asbury,106.0,83.0
Color,Kelly Makin,90.0,102.0
Color,Kelly Reichardt,477.0,86.66666666666667
Color,Ken Del Conte,0.0,90.0
Color,Ken Kwapis,494.0,111.5
Color,Ken Loach,169.0,127.0
Color,Ken Roht,0.0,109.0
Color,Ken Scott,258.0,98.0
Color,Ken Shapiro,14.0,93.0
Color,Kenneth Branagh,1382.0,122.57142857142857
Color,Kenneth Johnson,36.0,97.0
Color,Kenneth Lonergan,238.0,148.5
Color,Kenny Ortega,401.0,105.6
Color,Kent Alterman,164.0,99.0
Color,Kerry Conran,197.0,106.0
Color,Kevin Allen,88.0,93.0
Color,Kevin Bray,157.0,90.5
Color,Kevin Brodie,25.0,100.0
Color,Kevin Carraway,11.0,88.0
Color,Kevin Costner,324.0,184.0
Color,Kevin Donovan,81.0,98.0
Color,Kevin Greutert,334.0,91.0
Color,Kevin Hamedani,64.0,89.0
Color,Kevin Hooks,36.0,105.0
Color,Kevin Jordan,21.0,90.0
Color,Kevin Lima,306.0,103.5
Color,Kevin Macdonald,625.0,118.0
Color,Kevin Munroe,329.0,97.0
Color,Kevin Reynolds,427.0,135.2
Color,Kevin Rodney Sullivan,133.0,114.5
Color,Kevin Smith,1800.0,105.8
Color,Kevin Spacey,37.0,97.0
Color,Kevin Tancharoen,201.0,103.5
Color,Kevin Tenney,65.0,98.0
Color,Khalil Sullins,17.0,100.0
Color,Khyentse Norbu,44.0,108.0
Color,Kief Davidson,43.0,93.0
Color,Kim Farrant,84.0,112.0
Color,Kim Nguyen,6.0,96.0
Color,Kimberly Peirce,625.0,110.0
Color,Kimble Rendall,145.0,93.0
Color,King Vidor,46.0,142.5
Color,Kinka Usher,125.0,121.0
Color,Kirk De Micco,342.0,89.5
Color,Kirk Jones,708.0,98.2
Color,Kirk Loudon,3.0,95.0
Color,Kirk Wong,57.0,91.0
Color,Kirsten Sheridan,148.0,114.0
Color,Kiyoshi Kurosawa,78.0,111.0
Color,Klaus Menzel,13.0,103.0
Color,Kris Isacsson,64.0,91.0
Color,Kristin Rizzo,6.0,90.0
Color,Kriv Stenders,54.0,92.0
Color,Kundan Shah,1.0,
Color,Kunihiko Yuyama,39.0,93.0
Color,Kurt Hale,8.0,101.5
Color,Kurt Voss,12.0,88.0
Color,Kurt Wimmer,304.0,100.5
Color,Kyle Balda,308.0,91.0
Color,Lajos Koltai,73.0,134.0
Color,Lana Wachowski,1621.0,129.0
Color,Lance Hool,10.0,121.0
Color,Lance Kawas,0.0,90.0
Color,Lance McDaniel,0.0,90.0
Color,Lance Mungia,51.0,91.0
Color,Lance Rivera,21.0,97.0
Color,Larry Charles,1192.0,95.0
Color,Larry Clark,147.0,103.0
Color,Lars von Trier,756.0,136.33333333333334
Color,Laslo Benedek,14.0,106.0
Color,Lasse Hallström,1048.0,113.0
Color,Lauren Lazin,26.0,112.0
Color,Laurence Dunmore,111.0,114.0
Color,Laurent Bouhnik,9.0,103.0
Color,Laurent Cantet,212.0,128.0
Color,Laurent Tirard,134.0,105.5
Color,Laurie Collyer,78.0,96.0
Color,Lawrence Guterman,183.0,90.5
Color,Lawrence Kasanoff,12.0,91.0
Color,Lawrence Kasdan,318.0,146.0
Color,Lee Daniels,627.0,120.5
Color,Lee Tamahori,472.0,107.75
Color,Lee Toland Krieger,407.0,102.0
Color,Lee Unkrich,453.0,103.0
Color,Leigh Whannell,242.0,97.0
Color,Len Wiseman,786.0,121.33333333333333
Color,Lena Dunham,113.0,98.0
Color,Lenny Abrahamson,421.0,118.0
Color,Leon Ford,57.0,90.0
Color,Leonard Farlinger,8.0,89.0
Color,Leonard Nimoy,237.0,108.66666666666667
Color,Leos Carax,332.0,115.0
Color,Les Mayfield,262.0,90.2
Color,Leslie H. Martinson,53.0,105.0
Color,Leslie Small,31.0,82.0
Color,Leslye Headland,156.0,87.0
Color,Levan Gabriadze,270.0,83.0
Color,Lewis Gilbert,363.0,122.0
Color,Lexi Alexander,151.0,103.0
Color,Li Zhang,63.0,121.0
Color,Lijun Sun,5.0,89.0
Color,Liliana Cavani,56.0,110.0
Color,Linda Mendoza,32.0,76.0
Color,Lionel C. Martin,11.0,93.0
Color,Lisa Azuelos,54.0,97.0
Color,Lisa Cholodenko,323.0,106.0
Color,Lisanne Pajot,50.0,103.0
Color,Liv Ullmann,88.0,129.0
Color,Livingston Oden,1.0,89.0
Color,Liz Friedlander,101.0,118.0
Color,Lloyd Kaufman,88.0,103.0
Color,Lluís Quílez,40.0,92.0
Color,Lone Scherfig,499.0,103.5
Color,Lori Petty,12.0,93.0
Color,Lori Silverbush,26.0,86.0
Color,Louis C.K.,31.0,81.0
Color,Louis Leterrier,1593.0,108.0
Color,Louis Morneau,97.0,91.0
Color,Luc Besson,848.0,113.0
Color,Luc Jacquet,169.0,80.0
Color,Luca Guadagnino,181.0,120.0
Color,Lucile Hadzihalilovic,63.0,81.0
Color,Lucky McKee,114.0,93.0
Color,Lucrecia Martel,78.0,106.0
Color,Luis Llosa,157.0,99.5
Color,Luis Mandoki,191.0,116.5
Color,Luis Valdez,18.0,108.0
Color,Lukas Moodysson,112.0,109.0
Color,Luke Dye,1.0,84.0
Color,Luke Greenfield,458.0,102.5
Color,Lynn Shelton,171.0,90.0
Color,Lynne Ramsay,464.0,104.5
Color,Léa Pool,40.0,97.0
Color,M. Night Shyamalan,2604.0,102.77777777777777
Color,Mabel Cheung,6.0,130.0
Color,Mabrouk El Mechri,119.0,93.0
Color,Maggie Carey,97.0,104.0
Color,Maggie Greenwald,39.0,109.0
Color,Majid Majidi,46.0,89.0
Color,Maksim Fadeev,5.0,85.0
Color,Malcolm D. Lee,541.0,106.14285714285714
Color,Malcolm Goodwin,0.0,96.0
Color,Mamoru Hosoda,29.0,82.0
Color,Marc Abraham,99.0,119.0
Color,Marc Bennett,2.0,
Color,Marc F. Adler,41.0,94.0
Color,Marc Forby,26.0,97.0
Color,Marc Forster,2048.0,112.375
Color,Marc Lawrence,426.0,99.66666666666667
Color,Marc Levin,16.0,100.0
Color,Marc Schölermann,79.0,95.0
Color,Marc Webb,1425.0,130.0
Color,Marcio Garcia,9.0,85.0
Color,Marco Kreuzpaintner,109.0,109.0
Color,Marco Schnabel,150.0,87.0
Color,Marcos Siega,31.0,95.0
Color,Marcus Dunstan,147.0,82.0
Color,Marcus Nispel,43.0,91.0
Color,Marcus Raboy,30.0,85.0
Color,Maria Maggenti,23.0,94.0
Color,Marianna Palka,38.0,86.0
Color,Marielle Heller,168.0,102.0
Color,Mariette Monpierre,2.0,78.0
Color,Marilyn Agrelo,84.0,105.0
Color,Mario Van Peebles,12.0,95.0
Color,Marius A. Markevicius,26.0,89.0
Color,Mark A.Z. Dippé,70.0,98.0
Color,Mark Andrews,488.0,93.0
Color,Mark Brown,54.0,90.0
Color,Mark Christopher,63.0,121.0
Color,Mark Dindal,320.0,78.0
Color,Mark Griffiths,3.0,84.0
Color,Mark Helfrich,127.0,101.0
Color,Mark Herman,249.0,95.5
Color,Mark Illsley,77.0,98.0
Color,Mark L. Lester,315.0,91.5
Color,Mark Mylod,151.0,117.0
Color,Mark Neveldine,880.0,94.2
Color,Mark Osborne,385.0,100.0
Color,Mark Pellington,321.0,118.0
Color,Mark Piznarski,44.0,96.0
Color,Mark Romanek,535.0,99.5
Color,Mark Rosman,134.0,97.5
Color,Mark Rydell,32.0,125.0
Color,Mark Steven Johnson,336.0,118.5
Color,Mark Tarlov,35.0,96.0
Color,Mark Tonderai,224.0,101.0
Color,Mark Waters,878.0,96.0
Color,Mark Young,7.0,92.0
Color,Mars Callahan,41.0,99.0
Color,Martha Coolidge,85.0,111.0
Color,Martin Brest,400.0,132.5
Color,Martin Campbell,1312.0,126.57142857142857
Color,Martin Koolhoven,111.0,103.0
Color,Martin Lawrence,11.0,108.0
Color,Martin McDonagh,701.0,108.5
Color,Martin Ritt,13.0,124.0
Color,Martin Scorsese,3867.0,144.27777777777777
Color,Martin Weisz,161.0,89.0
Color,Martyn Pick,19.0,76.0
Color,Mary Harron,288.0,102.0
Color,Mary Lambert,98.0,103.0
Color,Mary McGuckian,16.0,120.0
Color,Mary Pat Kelly,2.0,87.0
Color,Maryam Keshavarz,76.0,107.0
Color,Masayuki Ochiai,135.0,90.0
Color,Mateo Gil,92.0,102.0
Color,Mathieu Amalric,92.0,76.0
Color,Mathieu Kassovitz,371.0,99.5
Color,Matt Bettinelli-Olpin,137.0,89.0
Color,Matt Birch,5.0,
Color,Matt Cimber,15.0,108.0
Color,Matt Dillon,38.0,116.0
Color,Matt Jackson,9.0,97.0
Color,Matt Johnson,73.0,83.0
Color,Matt Maiellaro,82.0,86.0
Color,Matt Piedmont,133.0,84.0
Color,Matt Reeves,1388.0,107.25
Color,Matt Walsh,8.0,87.0
Color,Matt Williams,78.0,120.0
Color,Matthew Bright,65.0,102.0
Color,Matthew Diamond,28.0,88.0
Color,Matthew Hastings,35.0,95.0
Color,Matthew O'Callaghan,87.0,78.0
Color,Matthew R. Anderson,17.0,89.0
Color,Matthew Robbins,60.0,108.0
Color,Matthew Vaughn,1324.0,120.25
Color,Matthew Watts,3.0,86.0
Color,Matty Rich,15.0,100.5
Color,Maurice Joyce,28.0,77.0
Color,Maurizio Benazzo,15.0,85.0
Color,Max Färberböck,63.0,125.0
Color,Max Joseph,158.0,96.0
Color,Max Mayer,122.0,99.0
Color,Maïwenn,163.0,127.0
Color,McG,1253.0,112.66666666666667
Color,Meiert Avis,41.0,97.0
Color,Mel Brooks,366.0,92.4
Color,Mel Gibson,821.0,145.66666666666666
Color,Mel Smith,43.0,86.0
Color,Mel Stuart,104.0,89.0
Color,Melville Shavelson,8.0,111.0
Color,Melvin Van Peebles,38.0,97.0
Color,Mennan Yapo,184.0,96.0
Color,Menno Meyjes,118.0,106.0
Color,Mervyn LeRoy,54.0,171.0
Color,Mic Rodgers,75.0,83.0
Color,Michael Anderson,112.0,119.0
Color,Michael Apted,732.0,119.0
Color,Michael Bay,2810.0,143.36363636363637
Color,Michael Burke,17.0,94.0
Color,Michael Caton-Jones,390.0,121.75
Color,Michael Chapman,21.0,98.0
Color,Michael Cimino,242.0,254.0
Color,Michael Clancy,27.0,85.0
Color,Michael Cohn,22.0,100.0
Color,Michael Corrente,113.0,97.5
Color,Michael Cristofer,93.0,118.0
Color,Michael Cuesta,227.0,104.5
Color,Michael Curtiz,257.0,110.5
Color,Michael D. Sellers,18.0,100.0
Color,Michael Dinner,53.0,88.0
Color,Michael Dougherty,198.0,98.0
Color,Michael Dowse,194.0,93.5
Color,Michael Gornick,95.0,85.0
Color,Michael Haneke,697.0,119.0
Color,Michael Herz,145.0,93.5
Color,Michael Hoffman,352.0,113.0
Color,Michael Hoffman Jr.,64.0,104.0
Color,Michael J. Bassett,173.0,95.0
Color,Michael Jai White,23.0,90.0
Color,Michael Kang,27.0,75.0
Color,Michael Landon Jr.,23.0,102.0
Color,Michael Lehmann,310.0,99.33333333333333
Color,Michael Lembeck,156.0,106.0
Color,Michael Mann,1215.0,133.4
Color,Michael Martin,19.0,93.0
Color,Michael Mayer,130.0,96.0
Color,Michael McCullers,145.0,99.0
Color,Michael McGowan,47.0,98.0
Color,Michael Meredith,23.0,91.0
Color,Michael Moore,840.0,108.6
Color,Michael O. Sajbel,82.0,118.5
Color,Michael Patrick Jann,77.0,97.0
Color,Michael Patrick King,221.0,146.0
Color,Michael Polish,269.0,105.8
Color,Michael Pressman,68.0,88.0
Color,Michael Radford,176.0,114.0
Color,Michael Ritchie,90.0,95.0
Color,Michael Rymer,165.0,98.0
Color,Michael Schultz,79.0,100.0
Color,Michael Spierig,292.0,98.0
Color,Michael Sucsy,214.0,104.0
Color,Michael Taliferro,0.0,138.0
Color,Michael Tiddes,257.0,88.0
Color,Michael Tollin,124.0,108.5
Color,Michael Wadleigh,53.0,215.0
Color,Michael Walker,8.0,98.0
Color,Michael Winner,17.0,98.0
Color,Michael Winnick,15.0,106.0
Color,Michael Winterbottom,819.0,103.33333333333333
Color,Michel Gondry,1082.0,107.25
Color,Michel Leclerc,87.0,100.0
Color,Michel Orion Scott,29.0,93.0
Color,Mick Jackson,132.0,116.5
Color,Mickey Liddell,74.0,82.0
Color,Miguel Arteta,689.0,89.4
Color,Miguel Sapochnik,197.0,119.0
Color,Mikael Håfström,983.0,113.75
Color,Mikael Salomon,79.0,97.0
Color,Mike Barker,29.0,98.0
Color,Mike Bigelow,98.0,83.0
Color,Mike Binder,370.0,121.0
Color,Mike Bruce,3.0,78.0
Color,Mike Cahill,382.0,99.0
Color,Mike Disa,77.0,86.0
Color,Mike Figgis,154.0,108.5
Color,Mike Flanagan,461.0,95.5
Color,Mike Gabriel,92.0,84.0
Color,Mike Hodges,100.0,111.0
Color,Mike Judge,520.0,86.5
Color,Mike Leigh,863.0,135.8
Color,Mike Marvin,70.0,93.0
Color,Mike Mayhall,0.0,88.0
Color,Mike McCoy,216.0,110.0
Color,Mike Mills,375.0,100.5
Color,Mike Mitchell,535.0,92.0
Color,Mike Nawrocki,75.0,83.5
Color,Mike Newell,1114.0,131.0
Color,Mike Nichols,784.0,112.83333333333333
Color,Mike van Diem,54.0,122.0
Color,Mikel Rueda,9.0,96.0
Color,Milos Forman,423.0,143.66666666666666
Color,Mimi Leder,375.0,122.33333333333333
Color,Mira Nair,470.0,119.8
Color,Miranda July,151.0,91.0
Color,Mitch Davis,33.0,104.0
Color,Mitchell Altieri,0.0,87.0
Color,Mitchell Lichtenstein,221.0,94.0
Color,Molly Bernstein,39.0,88.0
Color,Mona Fastvold,16.0,91.0
Color,Monte Hellman,9.0,97.0
Color,Mor Loushy,23.0,84.0
Color,Mora Stephens,35.0,103.0
Color,Morgan J. Freeman,31.0,90.0
Color,Morgan Neville,149.0,91.0
Color,Morgan Spurlock,406.0,98.66666666666667
Color,Mort Nathan,63.0,97.0
Color,Morten Tyldum,738.0,107.0
Color,Myles Berkowitz,32.0,87.0
Color,Måns Mårlind,242.0,88.0
Color,Nacho Vigalondo,173.0,66.0
Color,Nadia Tass,6.0,86.0
Color,Nadine Labaki,109.0,95.0
Color,Nae Caranfil,18.0,112.0
Color,Nancy Meyers,879.0,126.8
Color,Nancy Walker,26.0,124.0
Color,Nanette Burstein,167.0,102.0
Color,Nat Faxon,276.0,103.0
Color,Natalie Bible',7.0,90.0
Color,Nate Parker,21.0,120.0
Color,Nathan Frankowski,17.0,102.0
Color,Nathan Greno,324.0,100.0
Color,Nathan Smith Jones,1.0,77.0
Color,Neal Brennan,83.0,89.0
Color,Neema Barnette,11.0,91.0
Color,Neil Burger,783.0,113.0
Color,Neil Jordan,583.0,109.0
Color,Neil LaBute,401.0,105.66666666666667
Color,Neil Marshall,791.0,103.33333333333333
Color,Neil Mcenery-West,33.0,77.0
Color,Neill Blomkamp,1319.0,113.66666666666667
Color,Neill Dela Llana,35.0,80.0
Color,Nelson McCormick,267.0,95.0
Color,Newt Arnold,61.0,92.0
Color,Niall Johnson,4.0,114.0
Color,Nicholas Fackler,27.0,90.0
Color,Nicholas Hytner,245.0,111.66666666666667
Color,Nicholas Jarecki,288.0,107.0
Color,Nicholas Meyer,260.0,113.0
Color,Nicholas Ray,15.0,154.0
Color,Nicholas Stoller,1235.0,110.4
Color,Nicholaus Goossen,61.0,90.0
Color,Nick Cassavetes,645.0,114.25
Color,Nick Gomez,84.0,96.0
Color,Nick Hamm,130.0,102.0
Color,Nick Hurran,73.0,105.0
Color,Nick Love,127.0,99.0
Color,Nick Murphy,195.0,107.0
Color,Nick Tomnay,112.0,93.0
Color,Nickolas Perry,8.0,105.0
Color,Nicolae Constantin Tanase,5.0,104.0
Color,Nicolas Winding Refn,1594.0,100.0
Color,Nicole Holofcener,564.0,89.6
Color,Niels Arden Oplev,217.0,103.0
Color,Nigel Cole,275.0,110.0
Color,Niki Caro,417.0,118.66666666666667
Color,Nils Gaup,6.0,92.0
Color,Nima Nourizadeh,229.0,93.0
Color,Nimród Antal,561.0,96.0
Color,Nnegest Likké,37.0,99.0
Color,Noah Baumbach,380.0,92.5
Color,Noah Buschel,66.0,95.0
Color,Noam Murro,366.0,102.0
Color,Noel Marshall,50.0,102.0
Color,Nora Ephron,465.0,115.66666666666667
Color,Norman Ferguson,105.0,88.0
Color,Norman Jewison,101.0,145.33333333333334
Color,Ol Parker,133.0,96.5
Color,Olatunde Osunsanmi,183.0,98.0
Color,Ole Bornedal,264.0,92.0
Color,Ole Christian Madsen,80.0,45.0
Color,Oleg Stepchenko,25.0,107.0
Color,Oliver Blackburn,114.0,99.0
Color,Oliver Hirschbiegel,424.0,138.5
Color,Oliver Parker,417.0,98.75
Color,Oliver Stone,1676.0,138.0909090909091
Color,Olivier Assayas,246.0,115.0
Color,Olivier Dahan,132.0,103.0
Color,Olivier Megaton,781.0,108.33333333333333
Color,Oren Moverman,217.0,105.0
Color,Oren Peli,465.0,87.5
Color,Ossie Davis,30.0,97.0
Color,P.J. Hogan,84.0,105.0
Color,Pan Nalin,34.0,108.5
Color,Panos Cosmatos,97.0,110.0
Color,Paolo Monico,2.0,100.0
Color,Paolo Sorrentino,280.0,172.0
Color,Pascal Arnold,14.0,95.0
Color,Pascal Chaumeil,58.0,104.0
Color,Pat Holden,44.0,86.0
Color,Pat O'Connor,94.0,119.0
Color,Patrice Leconte,61.0,112.0
Color,Patricia Cardoso,75.0,89.5
Color,Patricia Riggen,258.0,114.0
Color,Patricia Rozema,73.0,101.0
Color,Patrick Creadon,88.0,94.0
Color,Patrick Gilles,0.0,90.0
Color,Patrick Gilmore,98.0,85.0
Color,Patrick Hughes,320.0,131.0
Color,Patrick Lussier,744.0,100.75
Color,Patrick Meaney,7.0,81.0
Color,Patrick Read Johnson,38.0,99.5
Color,Patrick Ryan Sims,5.0,81.0
Color,Patrick Stettner,186.0,82.5
Color,Patrick Tatopoulos,164.0,92.0
Color,Patty Jenkins,185.0,109.0
Color,Paul Abascal,77.0,84.0
Color,Paul Andrew Williams,148.0,88.5
Color,Paul Bartel,164.0,80.0
Color,Paul Bolger,93.0,75.0
Color,Paul Crowder,40.0,97.0
Color,Paul Donovan,18.0,88.0
Color,Paul Feig,1178.0,115.0
Color,Paul Fierlinger,51.0,83.0
Color,Paul Fox,80.0,80.0
Color,Paul Greengrass,1963.0,116.14285714285714
Color,Paul Gross,34.0,108.0
Color,Paul Haggis,758.0,123.0
Color,Paul Hunter,127.0,104.0
Color,Paul King,224.0,95.0
Color,Paul Mazursky,21.0,91.0
Color,Paul McGuigan,459.0,111.33333333333333
Color,Paul Michael Glaser,120.0,101.0
Color,Paul Schrader,547.0,100.0
Color,Paul Thomas Anderson,1973.0,148.0
Color,Paul Tibbitt,147.0,92.0
Color,Paul Verhoeven,980.0,127.4
Color,Paul W.S. Anderson,2006.0,105.8
Color,Paul Weiland,128.0,101.0
Color,Paul Weitz,942.0,104.16666666666667
Color,Pawel Pawlikowski,124.0,86.0
Color,Pedro Almodóvar,232.0,121.0
Color,Penelope Spheeris,61.0,94.0
Color,Penny Marshall,200.0,130.0
Color,Perry Andelin Blake,56.0,80.0
Color,Perry Lang,19.0,76.0
Color,Pete Docter,1194.0,94.33333333333333
Color,Pete Jones,31.0,91.0
Color,Pete Travis,667.0,92.5
Color,Peter Atencio,129.0,100.0
Color,Peter Berg,1499.0,111.33333333333333
Color,Peter Billingsley,166.0,113.0
Color,Peter Care,78.0,104.0
Color,Peter Cattaneo,325.0,96.5
Color,Peter Chelsom,490.0,98.8
Color,Peter Cousens,5.0,94.0
Color,Peter DeLuise,5.0,85.0
Color,Peter Faiman,35.0,93.0
Color,Peter Farrelly,84.0,113.0
Color,Peter Flinth,34.0,270.0
Color,Peter H. Hunt,34.0,168.0
Color,Peter Hastings,43.0,88.0
Color,Peter Hedges,300.0,92.5
Color,Peter Hewitt,264.0,86.25
Color,Peter Ho-Sun Chan,106.0,113.0
Color,Peter Howitt,423.0,96.25
Color,Peter Hyams,615.0,111.0
Color,Peter Jackson,3342.0,167.88888888888889
Color,Peter Kassovitz,68.0,120.0
Color,Peter Kosminsky,103.0,109.0
Color,Peter Landesman,219.0,123.0
Color,Peter Lepeniotis,121.0,85.0
Color,Peter Lord,425.0,86.0
Color,Peter M. Cohen,48.0,82.0
Color,Peter MacDonald,84.0,87.0
Color,Peter Medak,30.0,100.0
Color,Peter R. Hunt,143.0,142.0
Color,Peter Ramsey,256.0,97.0
Color,Peter Segal,921.0,104.0
Color,Peter Sohn,298.0,93.0
Color,Peter Sollett,358.0,93.66666666666667
Color,Peter Stebbings,78.0,95.0
Color,Peter Webber,369.0,115.5
Color,Peter Weir,636.0,120.25
Color,Peter Yates,57.0,116.0
Color,Petter Næss,67.0,89.0
Color,Peyton Reed,1029.0,106.25
Color,Phil Alden Robinson,176.0,124.0
Color,Phil Claydon,107.0,88.0
Color,Phil Joanou,124.0,109.0
Color,Phil Lord,1331.0,102.75
Color,Phil Morrison,41.0,107.0
Color,Phil Traill,128.0,99.0
Color,Philip G. Atwell,119.0,103.0
Color,Philip Kaufman,212.0,158.5
Color,Philip Saville,25.0,125.0
Color,Philip Zlotorynski,14.0,80.0
Color,Phillip Noyce,889.0,110.75
Color,Phyllida Lloyd,569.0,106.5
Color,Pierre Coffin,610.0,92.5
Color,Pierre Morel,877.0,96.0
Color,Pitof,212.0,87.0
Color,Piyush Dinker Pandya,9.0,100.0
Color,Pou-Soi Cheang,14.0,119.0
Color,Prachya Pinkaew,112.0,111.0
Color,Preston A. Whitmore II,62.0,106.0
Color,Qasim Basir,8.0,94.0
Color,Quentin Dupieux,230.0,82.0
Color,Quentin Tarantino,2375.0,156.0
Color,R. Balki,12.0,133.0
Color,R.J. Cutler,141.0,107.0
Color,RZA,208.0,107.0
Color,Rachel Goldenberg,5.0,93.0
Color,Rachel Perkins,33.0,88.0
Color,Rachel Talalay,151.0,98.5
Color,Rafa Lara,12.0,125.0
Color,Raja Gosnell,729.0,96.16666666666667
Color,Raja Menon,39.0,130.0
Color,Rajkumar Hirani,15.0,144.0
Color,Rakesh Roshan,20.0,168.0
Color,Rakeysh Omprakash Mehra,33.0,157.0
Color,Ralph Fiennes,196.0,123.0
Color,Ralph Nelson,32.0,103.0
Color,Ralph Ziman,30.0,119.0
Color,Ramaa Mosley,62.0,101.0
Color,Rand Ravich,107.0,109.0
Color,Randal Kleiser,170.0,107.0
Color,Randall Miller,110.0,72.0
Color,Randall Rubin,23.0,99.0
Color,Randall Wallace,466.0,119.5
Color,Rania Attieh,18.0,93.0
Color,Rawson Marshall Thurber,466.0,112.5
Color,Ray Griggs,4.0,92.0
Color,Ray Lawrence,75.0,118.0
Color,Raymond De Felitta,149.0,104.0
Color,Rebecca Miller,75.0,112.0
Color,Reed Cowan,28.0,80.0
Color,Regardt van den Bergh,5.0,116.0
Color,Reginald Hudlin,143.0,100.0
Color,Reinhard Klooss,36.0,93.0
Color,Remo,15.0,160.0
Color,Renny Harlin,1654.0,110.8
Color,René Féret,50.0,120.0
Color,Rian Johnson,771.0,116.5
Color,Ric Roman Waugh,238.0,112.0
Color,Rich Christiano,16.0,95.0
Color,Rich Cowan,14.0,105.0
Color,Rich Moore,377.0,101.0
Color,Richard Attenborough,40.0,131.0
Color,Richard Ayoade,249.0,97.0
Color,Richard Benjamin,63.0,96.66666666666667
Color,Richard Boddington,11.0,90.0
Color,Richard Brooks,112.0,127.0
Color,Richard Curtis,687.0,129.0
Color,Richard Donner,1084.0,123.2
Color,Richard Dutcher,12.0,119.0
Color,Richard E. Grant,49.0,97.0
Color,Richard Eyre,320.0,91.5
Color,Richard Fleischer,284.0,119.75
Color,Richard Glatzer,378.0,95.5
Color,Richard J. Lewis,193.0,134.0
Color,Richard Kelly,743.0,136.0
Color,Richard Kwietniowski,132.0,98.5
Color,Richard LaGravenese,551.0,113.4
Color,Richard Lester,268.0,111.5
Color,Richard Linklater,2327.0,109.8
Color,Richard Loncraine,356.0,102.33333333333333
Color,Richard Marquand,197.0,134.0
Color,Richard Montoya,0.0,88.0
Color,Richard Raymond,31.0,104.0
Color,Richard Schenkman,72.0,88.5
Color,Richard Shepard,436.0,96.66666666666667
Color,Richard Wallace,9.0,95.0
Color,Richard Williams,10.0,80.0
Color,Rick Bieber,16.0,90.0
Color,Rick Famuyiwa,306.0,105.25
Color,Rick Friedberg,27.0,81.0
Color,Rick Rosenthal,151.0,94.0
Color,Rick de Oliveira,52.0,96.0
Color,Ricki Stern,11.0,106.0
Color,Ricky Gervais,192.0,100.0
Color,Ridley Scott,4616.0,141.8125
Color,Ringo Lam,50.0,101.0
Color,Risa Bramon Garcia,67.0,101.0
Color,Rita Merson,5.0,97.0
Color,Ritesh Batra,195.0,104.0
Color,Rob Bowman,485.0,103.25
Color,Rob Cohen,1370.0,109.55555555555556
Color,Rob Hawk,6.0,90.0
Color,Rob Hedden,129.0,100.0
Color,Rob Letterman,621.0,94.0
Color,Rob Marshall,998.0,135.33333333333334
Color,Rob McKittrick,91.0,94.0
Color,Rob Minkoff,696.0,89.0
Color,Rob Pritts,62.0,86.0
Color,Rob Reiner,1158.0,102.72727272727273
Color,Rob Schmidt,191.0,84.0
Color,Rob Zombie,715.0,109.66666666666667
Color,Robby Henson,25.0,101.0
Color,Robert Adetuyi,5.0,91.0
Color,Robert Altman,429.0,117.33333333333333
Color,Robert B. Weide,135.0,110.0
Color,Robert Ben Garant,89.0,84.0
Color,Robert Bennett,6.0,90.0
Color,Robert Butler,44.0,100.0
Color,Robert C. Cooper,18.0,97.0
Color,Robert Cary,30.0,101.0
Color,Robert Duvall,95.0,134.0
Color,Robert Eggers,425.0,92.0
Color,Robert Fontaine,4.0,125.0
Color,Robert Greenwald,77.0,47.5
Color,Robert Hall,39.0,95.0
Color,Robert Harmon,106.0,91.5
Color,Robert Heath,40.0,96.0
Color,Robert Iscove,223.0,93.0
Color,Robert Kenner,120.0,94.0
Color,Robert Lee King,51.0,85.0
Color,Robert Lorenz,239.0,111.0
Color,Robert Luketic,837.0,101.83333333333333
Color,Robert M. Young,0.0,105.0
Color,Robert Marcarelli,39.0,100.0
Color,Robert Moresco,26.0,107.0
Color,Robert Redford,709.0,126.8
Color,Robert Rodriguez,1719.0,102.92307692307692
Color,Robert Schwentke,1412.0,108.5
Color,Robert Stevenson,145.0,139.0
Color,Robert Stromberg,401.0,97.0
Color,Robert Towne,28.0,117.0
Color,Robert Townsend,21.0,81.0
Color,Robert Wise,310.0,144.0
Color,Robert Zemeckis,2547.0,120.08333333333333
Color,Robin Budd,80.0,72.0
Color,Rod Lurie,569.0,116.6
Color,Rodman Flender,59.0,92.0
Color,Rodrigo Cortés,558.0,104.5
Color,Rodrigo García,383.0,119.0
Color,Roger Allers,293.0,78.0
Color,Roger Avary,180.0,104.5
Color,Roger Christian,174.0,119.0
Color,Roger Donaldson,901.0,119.85714285714286
Color,Roger Kumble,301.0,93.0
Color,Roger Michell,529.0,107.33333333333333
Color,Roger Nygard,43.0,86.0
Color,Roger Spottiswoode,399.0,116.75
Color,Roger Vadim,107.0,98.0
Color,Rohan Sippy,24.0,128.0
Color,Rohit Jagessar,0.0,120.0
Color,Rohit Jugraj,1.0,141.0
Color,Roland Emmerich,1970.0,136.0
Color,Roland Joffé,121.0,115.33333333333333
Color,Roland Suso Richter,33.0,90.0
Color,Roman Polanski,1233.0,121.4
Color,Romesh Sharma,4.0,
Color,Ron Clements,479.0,94.0
Color,Ron Fricke,115.0,102.0
Color,Ron Howard,2738.0,130.69230769230768
Color,Ron Maxwell,106.0,275.5
Color,Ron Shelton,324.0,123.25
Color,Ron Underwood,233.0,101.66666666666667
Color,Ronald Neame,42.0,108.0
Color,Ronan Chapalain,7.0,41.0
Color,Ronny Yu,506.0,95.0
Color,Rowan Joffe,285.0,101.5
Color,Rowdy Herrington,118.0,121.0
Color,Ruairi Robinson,120.0,98.0
Color,Ruba Nadda,36.0,93.0
Color,Ruben Fleischer,1080.0,94.66666666666667
Color,Ruggero Deodato,15.0,87.0
Color,Rupert Sanders,416.0,132.0
Color,Rupert Wainwright,131.0,103.0
Color,Rupert Wyatt,704.0,108.0
Color,Russ Meyer,101.0,109.0
Color,Russell Crowe,183.0,111.0
Color,Russell Friedenberg,27.0,93.0
Color,Russell Holt,6.0,118.0
Color,Russell Mulcahy,412.0,96.25
Color,Rusty Cundieff,25.0,98.0
Color,Ryan Coogler,764.0,109.0
Color,Ryan Fleck,208.0,106.0
Color,Ryan Little,33.0,90.0
Color,Ryan Murphy,345.0,131.0
Color,Ryan Smith,34.0,90.0
Color,Ryûhei Kitamura,177.0,103.0
Color,S.R. Bindler,26.0,85.0
Color,S.S. Rajamouli,44.0,159.0
Color,Sacha Bennett,4.0,101.0
Color,Sadyk Sher-Niyaz,16.0,135.0
Color,Sai Varadan,3.0,89.0
Color,Sajid Khan,10.0,144.0
Color,Salim Akil,134.0,114.0
Color,Sally Potter,76.0,100.0
Color,Salvador Carrasco,39.0,106.0
Color,Sam Fell,118.0,93.0
Color,Sam Firstenberg,40.0,90.0
Color,Sam Levinson,46.0,119.0
Color,Sam Martin,1.0,66.0
Color,Sam Mendes,2556.0,124.57142857142857
Color,Sam Miller,89.0,88.5
Color,Sam Peckinpah,285.0,130.75
Color,Sam Raimi,2920.0,112.0
Color,Sam Taylor-Johnson,567.0,113.5
Color,Sam Weisman,254.0,93.5
Color,Sammo Kam-Bo Hung,63.0,86.0
Color,Sanaa Hamri,143.0,109.5
Color,Sanjay Rawal,9.0,83.0
Color,Sara Newens,18.0,80.0
Color,Sara Sugarman,74.0,89.0
Color,Sarah Gavron,80.0,101.0
Color,Sarah Smith,190.0,97.0
Color,Sarik Andreasyan,30.0,94.0
Color,Saul Dibb,194.0,110.0
Color,Scandar Copti,100.0,124.0
Color,Scott Alexander,29.0,81.0
Color,Scott Cooper,952.0,117.0
Color,Scott Derrickson,1162.0,113.5
Color,Scott Dow,23.0,88.0
Color,Scott Foley,13.0,82.0
Color,Scott Frank,253.0,114.0
Color,Scott Hicks,642.0,107.6
Color,Scott Kalvert,38.0,96.0
Color,Scott Mann,44.0,93.0
Color,Scott Marshall,63.0,91.5
Color,Scott Smith,1.0,87.0
Color,Scott Speer,121.0,99.0
Color,Scott Stewart,451.0,93.5
Color,Scott Walker,120.0,105.0
Color,Scott Waugh,327.0,132.0
Color,Scott Ziehl,18.0,90.0
Color,Sean Anders,600.0,114.25
Color,Sean Byrne,182.0,84.0
Color,Sean Durkin,348.0,102.0
Color,Sean McNamara,156.0,104.5
Color,Sean Penn,424.0,136.0
Color,Serdar Akar,16.0,122.0
Color,Sergey Bodrov,365.0,113.33333333333333
Color,Sergey Bondarchuk,16.0,134.0
Color,Sergio Leone,578.0,159.25
Color,Seth Gordon,756.0,104.66666666666667
Color,Seth MacFarlane,1040.0,124.33333333333333
Color,Shana Feste,296.0,105.66666666666667
Color,Shane Acker,263.0,79.0
Color,Shane Black,831.0,149.0
Color,Shane Carruth,143.0,77.0
Color,Shane Dawson,6.0,93.0
Color,Shane Meadows,201.0,95.5
Color,Shari Springer Berman,284.0,104.5
Color,Sharon Greytak,3.0,94.0
Color,Sharon Maguire,168.0,97.0
Color,Sharron Miller,8.0,79.0
Color,Shawn Levy,1911.0,103.36363636363636
Color,Shekar,1.0,
Color,Shekhar Kapur,448.0,121.0
Color,Sheldon Lettich,57.0,104.5
Color,Sherman Alexie,12.0,103.0
Color,Shimit Amin,14.0,150.0
Color,Shinji Aramaki,62.0,115.0
Color,Shintaro Shimosawa,38.0,106.0
Color,Shona Auerbach,96.0,105.0
Color,Shyam Madiraju,5.0,90.0
Color,Siddharth Anand,16.0,153.0
Color,Siddiq Barmak,105.0,83.0
Color,Sidney J. Furie,94.0,134.0
Color,Sidney Lumet,391.0,120.0
Color,Simeon Rice,6.0,93.0
Color,Simon Curtis,589.0,104.0
Color,Simon Napier-Bell,0.0,81.0
Color,Simon Wells,256.0,92.0
Color,Simon West,1466.0,101.25
Color,Simon Wincer,181.0,102.25
Color,Simon Yin,20.0,102.0
Color,Sngmoo Lee,95.0,100.0
Color,Sofia Coppola,978.0,102.75
Color,Sol Tryon,28.0,91.0
Color,Spencer Susser,134.0,106.0
Color,Spike Jonze,1390.0,105.0
Color,Spike Lee,1171.0,130.86666666666667
Color,Stacy Peralta,74.0,105.0
Color,Stanley Donen,169.0,103.0
Color,Stanley Kramer,61.0,197.0
Color,Stanley Kubrick,942.0,162.5
Color,Stanley Tong,62.0,89.0
Color,Stanton Barrett,21.0,97.0
Color,Stefan C. Schaefer,21.0,90.0
Color,Stefan Ruzowitzky,243.0,101.0
Color,Stefan Schwartz,43.0,99.0
Color,Stephan Elliott,223.0,103.0
Color,Stephen Carpenter,64.0,84.0
Color,Stephen Chbosky,364.0,102.0
Color,Stephen Chow,460.0,92.5
Color,Stephen Daldry,1008.0,118.2
Color,Stephen Frears,1467.0,103.9
Color,Stephen Gaghan,430.0,113.5
Color,Stephen Herek,472.0,105.25
Color,Stephen Hillenburg,89.0,87.0
Color,Stephen Hopkins,598.0,115.2
Color,Stephen J. Anderson,162.0,63.0
Color,Stephen Kay,254.0,94.33333333333333
Color,Stephen Kijak,48.0,95.0
Color,Stephen Langford,2.0,82.0
Color,Stephen Milburn Anderson,27.0,118.0
Color,Stephen Norrington,184.0,110.0
Color,Stephen Sommers,572.0,115.5
Color,Sterling Van Wagenen,4.0,100.0
Color,Stevan Mena,60.0,90.0
Color,Steve Antin,197.0,119.0
Color,Steve Barron,19.0,90.0
Color,Steve Beck,305.0,91.0
Color,Steve Bendelack,151.0,90.0
Color,Steve Box,209.0,85.0
Color,Steve Boyum,59.0,86.5
Color,Steve Buscemi,124.0,93.0
Color,Steve Carr,394.0,92.0
Color,Steve Carver,29.0,107.0
Color,Steve Gomer,24.0,76.0
Color,Steve Hickner,194.0,91.0
Color,Steve James,76.0,138.0
Color,Steve Martino,441.0,88.0
Color,Steve McQueen,1083.0,117.5
Color,Steve Miner,691.0,94.6
Color,Steve Oedekerk,269.0,89.75
Color,Steve Pink,462.0,100.0
Color,Steve Rash,24.0,93.5
Color,Steve Taylor,38.0,108.0
Color,Steve Trenbirth,85.0,72.0
Color,Steven Brill,444.0,95.75
Color,Steven E. de Souza,63.0,102.0
Color,Steven Quale,505.0,90.5
Color,Steven R. Monroe,225.0,105.0
Color,Steven Seagal,47.0,101.0
Color,Steven Shainberg,268.0,113.0
Color,Steven Soderbergh,3301.0,115.71428571428571
Color,Steven Spielberg,6020.0,135.0
Color,Steven Zaillian,110.0,115.0
Color,Stewart Hendler,167.0,101.0
Color,Stewart Raffill,50.0,98.0
Color,Stig Bergqvist,41.0,78.0
Color,Stiles White,183.0,89.0
Color,Stuart Baird,232.0,124.5
Color,Stuart Beattie,308.0,92.0
Color,Stuart Gillard,60.0,96.0
Color,Stuart Gordon,137.0,88.5
Color,Stuart Hazeldine,77.0,101.0
Color,Stéphane Aubier,99.0,80.0
Color,Sue Corcoran,8.0,96.0
Color,Susan Seidelman,35.0,105.0
Color,Susan Stroman,168.0,134.0
Color,Susanna White,231.0,108.5
Color,Susanne Bier,146.0,118.0
Color,Sut Jhally,16.0,80.0
Color,Sydney Pollack,539.0,138.4
Color,Sylvain Chomet,167.0,80.0
Color,Sylvain White,299.0,103.0
Color,Sylvester Stallone,709.0,126.0
Color,Sylvio Tabet,17.0,107.0
Color,Tadeo Garcia,0.0,84.0
Color,Taedong Park,8.0,85.0
Color,Takao Okawara,107.0,99.0
Color,Takashi Shimizu,334.0,117.5
Color,Takashi Yamazaki,44.0,138.0
Color,Takeshi Kitano,81.0,114.0
Color,Tamara Jenkins,261.0,102.5
Color,Tamra Davis,151.0,87.5
Color,Tanner Beard,2.0,108.0
Color,Tara Subkoff,35.0,101.0
Color,Tarsem Singh,1069.0,110.5
Color,Tate Taylor,538.0,142.5
Color,Taylor Hackford,745.0,169.0
Color,Ted Demme,147.0,124.0
Color,Ted Kotcheff,145.0,93.0
Color,Ted Post,104.0,104.5
Color,Teddy Chan,120.0,119.5
Color,Terence Davies,96.0,135.0
Color,Terence Young,490.0,123.75
Color,Terrence Malick,1074.0,149.5
Color,Terron R. Parsons,13.0,93.0
Color,Terry George,187.0,121.0
Color,Terry Gilliam,1265.0,118.85714285714286
Color,Terry Zwigoff,317.0,104.5
Color,Thaddeus O'Sullivan,39.0,96.0
Color,Thea Sharrock,151.0,110.0
Color,Theodore Melfi,275.0,102.0
Color,Theodore Witcher,16.0,104.0
Color,Thomas Bezucha,236.0,106.0
Color,Thomas Carter,278.0,121.0
Color,Thomas L. Phillips,13.0,82.0
Color,Thomas Lilti,18.0,102.0
Color,Thomas Vinterberg,547.0,107.33333333333333
Color,Thor Freudenthal,401.0,100.0
Color,Thorbjørn Christoffersen,2.0,90.0
Color,Ti West,530.0,98.0
Color,Tim Blake Nelson,92.0,95.0
Color,Tim Boxell,3.0,100.0
Color,Tim Burton,3001.0,109.83333333333333
Color,Tim Chambers,34.0,99.0
Color,Tim Fywell,67.0,98.0
Color,Tim Heidecker,82.0,93.0
Color,Tim Hill,471.0,90.2
Color,Tim Johnson,331.0,88.5
Color,Tim McCanlies,97.0,104.0
Color,Tim Miller,579.0,108.0
Color,Tim Robbins,147.0,127.0
Color,Tim Story,747.0,103.83333333333333
Color,Timothy Björklund,33.0,74.0
Color,Timothy Hines,1.0,111.0
Color,Timothy Woodward Jr.,6.0,97.0
Color,Timur Bekmambetov,942.0,115.0
Color,Tina Gordon Chism,43.0,95.0
Color,Tobe Hooper,870.0,102.0
Color,Tod Williams,264.0,98.0
Color,Todd Field,430.0,137.5
Color,Todd Graff,177.0,114.5
Color,Todd Haynes,284.0,115.5
Color,Todd Lincoln,145.0,83.0
Color,Todd Phillips,1533.0,99.42857142857143
Color,Todd Solondz,381.0,106.66666666666667
Color,Todd Strauss-Schulson,161.0,90.0
Color,Tom Brady,49.0,97.0
Color,Tom Dey,387.0,97.33333333333333
Color,Tom Elkins,79.0,101.0
Color,Tom Ford,281.0,99.0
Color,Tom Gormican,164.0,94.0
Color,Tom Green,97.0,87.0
Color,Tom Hanks,293.0,123.5
Color,Tom Holland,215.0,90.0
Color,Tom Hooper,1112.0,124.66666666666667
Color,Tom Kalin,121.0,97.0
Color,Tom McCarthy,628.0,108.5
Color,Tom McGrath,233.0,95.0
Color,Tom McLoughlin,158.0,86.0
Color,Tom Putnam,22.0,86.0
Color,Tom Reeve,12.0,93.0
Color,Tom Sanchez,1.0,110.0
Color,Tom Schulman,30.0,95.0
Color,Tom Seidman,4.0,98.0
Color,Tom Shadyac,740.0,96.42857142857143
Color,Tom Tykwer,1058.0,139.0
Color,Tom Vaughan,274.0,103.5
Color,Tom Walsh,2.0,98.0
Color,Tomas Alfredson,466.0,127.0
Color,Tomm Moore,118.0,75.0
Color,Tommy Lee Jones,380.0,114.5
Color,Tommy Lee Wallace,162.0,98.0
Color,Tommy O'Haver,152.0,91.5
Color,Tommy Oliver,6.0,90.0
Color,Tommy Wirkola,573.0,94.5
Color,Tony Bancroft,143.0,88.0
Color,Tony Giglio,66.0,100.0
Color,Tony Gilroy,946.0,126.33333333333333
Color,Tony Goldwyn,139.0,102.0
Color,Tony Jaa,110.0,110.0
Color,Tony Kaye,0.0,
Color,Tony Krantz,53.0,113.0
Color,Tony Maylam,39.0,96.0
Color,Tony Richardson,39.0,115.0
Color,Tony Scott,1700.0,117.33333333333333
Color,Tran Anh Hung,59.0,114.0
Color,Travis Cluff,159.0,81.0
Color,Travis Legge,3.0,86.5
Color,Travis Romero,5.0,67.0
Color,Travis Zariwny,68.0,99.0
Color,Trent Cooper,37.0,89.0
Color,Trey Parker,455.0,90.33333333333333
Color,Troy Duffy,91.0,138.0
Color,Troy Miller,85.0,85.0
Color,Troy Nixey,298.0,99.0
Color,Tuck Tucker,33.0,76.0
Color,Tyler Oliver,24.0,103.0
Color,Tyler Perry,379.0,112.66666666666667
Color,U. Roberto Romano,3.0,80.0
Color,Udayan Prasad,60.0,102.0
Color,Uli Edel,198.0,139.5
Color,Ulu Grosbard,54.0,106.0
Color,Uwe Boll,506.0,101.6
Color,Vadim Perelman,236.0,108.0
Color,Valentine,0.0,
Color,Valeri Milev,18.0,88.0
Color,Vera Farmiga,68.0,109.0
Color,Vic Armstrong,169.0,110.0
Color,Vic Sarin,54.0,108.5
Color,Vicente Amorim,67.0,92.0
Color,Vicky Jenson,97.0,88.0
Color,Vicky Jewson,8.0,109.0
Color,Victor Fleming,157.0,226.0
Color,Victor Nunez,72.0,113.5
Color,Victor Salva,401.0,104.66666666666667
Color,Vidhu Vinod Chopra,22.0,101.0
Color,Vijay Chandar,3.0,155.0
Color,Vincent Gallo,221.0,101.5
Color,Vincent Paronnaud,242.0,89.0
Color,Vincent Ward,121.0,113.0
Color,Vincente Minnelli,41.0,102.0
Color,Vincenzo Natali,587.0,94.75
Color,Vipul Amrutlal Shah,15.0,128.0
Color,Vivek Agnihotri,4.0,160.0
Color,Vladlen Barbe,10.0,80.0
Color,Vondie Curtis-Hall,66.0,104.0
Color,W.D. Hogan,10.0,90.0
Color,Wade Gasque,13.0,75.0
Color,Wajahat Rauf,6.0,
Color,Wallace Wolodarsky,53.0,93.0
Color,Wally Pfister,355.0,119.0
Color,Walt Becker,467.0,93.5
Color,Walter Hill,431.0,94.33333333333333
Color,Walter Lang,17.0,100.0
Color,Walter Murch,56.0,109.0
Color,Walter Salles,519.0,117.66666666666667
Color,Ward Roberts,2.0,83.0
Color,Warren Beatty,239.0,136.0
Color,Warren P. Sonoda,9.0,105.0
Color,Warren Sheppard,3.0,94.0
Color,Wayne Beach,40.0,93.0
Color,Wayne Kramer,314.0,111.5
Color,Wayne Thornley,39.0,83.0
Color,Wayne Wang,345.0,109.25
Color,Werner Herzog,478.0,121.0
Color,Wes Anderson,2099.0,99.0
Color,Wes Ball,546.0,122.5
Color,Wes Craven,2010.0,104.9
Color,Whit Stillman,223.0,98.5
Color,Wil Shriner,49.0,91.0
Color,Will Canon,58.0,83.0
Color,Will Finn,155.0,82.0
Color,Will Gluck,676.0,106.33333333333333
Color,Willard Huyck,81.0,110.0
Color,William A. Fraker,25.0,98.0
Color,William A. Graham,14.0,102.0
Color,William Bindley,21.0,94.0
Color,William Brent Bell,496.0,85.0
Color,William Cottrell,145.0,83.0
Color,William Dear,16.0,94.0
Color,William Eubank,161.0,97.0
Color,William Friedkin,1087.0,104.5
Color,William Gazecki,24.0,105.5
Color,William H. Macy,44.0,105.0
Color,William Kaufman,49.0,90.0
Color,William Malone,251.0,97.0
Color,William Phillips,15.0,89.0
Color,William Sachs,24.0,95.0
Color,William Shatner,98.0,107.0
Color,Wilson Yip,78.0,105.0
Color,Wolfgang Petersen,1083.0,151.71428571428572
Color,Woo-Suk Kang,15.0,135.0
Color,Woody Allen,3435.0,99.65
Color,Wych Kaosayananda,92.0,91.0
Color,Xavier Beauvois,195.0,122.0
Color,Xavier Gens,367.0,108.0
Color,Yarrow Cheney,165.0,87.0
Color,Yash Chopra,79.0,184.0
Color,Yimou Zhang,759.0,116.6
Color,Yorgos Lanthimos,211.0,94.0
Color,Youssef Delara,33.0,84.0
Color,Yuefeng Song,4.0,88.0
Color,Zach Braff,354.0,104.0
Color,Zach Cregger,76.0,90.0
Color,Zack Snyder,3227.0,142.42857142857142
Color,Zack Ward,15.0,92.0
Color,Zak Penn,60.0,94.0
Color,Zal Batmanglij,336.0,100.5
Color,Zoran Lisinac,17.0,108.0
Color,Álex de la Iglesia,71.0,104.0
Color,Émile Gaudreault,67.0,92.0
Color,Éric Tessier,9.0,99.0
Color,Étienne Faure,9.0,98.0
